;default;account_check_status;duration_in_month;credit_history;savings;present_emp_since;installment_as_income_perc;other_debtors;property;age;other_installment_plans;housing;credits_this_bank;job;telephone;foreign_worker;sexo;estado_civil;rango_edad;rango_plazos_credito;rango_valor_credito;rango_plazos_credito_2;rango_edad_2
0;0;1;6;5;1;1;4;1;1;67;3;2;2;3;1;1;0;1;5;1;2;1;5
1;1;2;48;3;5;3;2;1;1;22;3;2;1;3;0;1;1;0;1;4;6;4;1
2;0;4;12;5;5;2;2;1;1;49;3;2;1;2;0;1;0;1;3;1;3;1;3
3;0;1;42;3;5;2;2;3;2;45;3;3;1;3;0;1;0;1;3;4;8;4;3
4;1;1;24;4;5;3;3;1;4;53;3;3;2;3;0;1;0;1;4;2;5;2;4
5;0;4;36;3;1;3;2;1;4;35;3;3;1;2;1;1;0;1;2;3;10;3;2
6;0;4;24;3;3;1;3;1;2;53;3;2;1;3;0;1;0;1;4;2;3;2;4
7;0;2;36;3;5;3;2;1;3;35;3;1;1;4;1;1;0;1;2;3;7;3;2
8;0;4;12;3;2;2;2;1;1;61;3;2;1;2;0;1;0;0;5;1;4;1;5
9;1;2;30;5;5;5;4;1;3;28;3;2;2;4;0;1;0;0;1;3;6;3;1
10;1;2;12;3;5;4;3;1;3;25;3;1;1;3;0;1;1;0;1;1;2;1;1
11;1;1;48;3;5;4;3;1;2;24;3;1;1;3;0;1;1;0;1;4;5;4;1
12;0;2;12;3;5;3;1;1;3;22;3;2;1;3;1;1;1;0;1;1;2;1;1
13;1;1;24;5;5;1;4;1;3;60;3;2;2;2;0;1;0;1;4;2;2;2;4
14;0;1;15;3;5;3;2;1;3;28;3;1;1;3;0;1;1;0;1;2;2;2;1
15;1;1;24;3;4;3;4;1;3;32;3;2;1;2;0;1;1;0;2;2;2;2;2
16;0;4;24;5;1;1;4;1;2;53;3;2;2;3;0;1;0;1;4;2;3;2;4
17;0;1;30;1;1;4;2;1;3;25;1;2;3;3;0;1;0;1;1;3;9;3;1
18;1;2;24;3;5;1;4;1;4;44;3;3;1;4;1;1;1;0;3;2;13;2;3
19;0;4;24;3;3;1;3;1;3;31;3;2;1;3;1;1;0;1;2;2;4;2;2
20;0;4;9;5;5;3;4;1;3;48;3;2;3;3;1;1;0;1;3;1;3;1;3
21;0;1;6;3;3;3;2;1;1;44;3;1;1;3;0;1;0;1;3;1;3;1;3
22;0;1;10;5;5;4;1;1;1;48;3;1;2;2;0;0;0;1;3;1;3;1;3
23;0;2;12;5;4;4;3;1;2;44;3;2;1;3;0;1;0;1;3;1;2;1;3
24;0;4;10;5;1;3;2;1;3;26;3;2;2;3;0;0;0;0;1;1;3;1;1
25;0;1;6;3;5;3;1;1;1;36;1;2;1;2;1;1;0;1;2;1;2;1;2
26;0;4;6;1;5;1;4;1;3;39;3;2;1;2;0;1;0;0;2;1;1;1;2
27;0;3;12;2;2;3;3;1;1;42;3;1;2;3;0;1;1;0;3;1;1;1;3
28;0;2;7;3;5;3;3;3;1;34;3;2;1;3;0;1;0;1;2;1;3;1;2
29;1;1;60;4;5;1;3;1;4;63;3;2;2;3;1;1;0;1;5;5;7;5;5
30;0;2;18;3;2;4;3;1;1;36;1;2;1;3;1;1;0;0;2;2;2;2;2
31;0;1;24;3;5;3;2;1;3;27;2;2;1;3;0;1;0;1;1;2;5;2;1
32;0;2;18;3;4;3;2;1;3;30;3;2;2;3;1;1;0;1;1;2;6;2;1
33;0;4;12;5;1;1;4;1;4;57;3;1;1;2;0;1;0;1;4;1;2;1;4
34;0;3;12;3;5;4;4;1;2;33;1;2;1;4;1;1;1;0;2;1;2;1;2
35;1;2;45;5;5;4;4;1;2;25;3;2;2;2;0;1;0;1;1;4;5;4;1
36;0;4;48;5;5;3;1;1;4;31;1;3;1;3;1;1;0;1;2;4;7;4;2
37;1;3;18;3;5;3;4;2;1;37;2;2;1;3;0;1;0;1;2;2;3;2;2
38;0;3;10;3;5;3;2;1;3;37;3;2;1;3;1;1;0;1;2;1;2;1;2
39;0;2;9;3;5;3;4;1;1;24;3;2;1;3;0;1;0;1;1;1;1;1;1
40;0;4;30;3;3;1;4;1;3;30;1;2;1;4;0;1;0;1;1;3;3;3;1
41;0;2;12;3;3;3;3;1;3;26;3;2;1;3;1;1;0;0;1;1;2;1;1
42;0;2;18;4;5;3;2;1;1;44;3;2;1;2;1;1;0;1;3;2;7;2;3
43;0;1;30;5;4;2;1;1;3;24;3;1;2;3;0;1;0;0;1;3;7;3;1
44;1;1;48;5;5;1;4;1;4;58;2;3;2;2;0;1;1;0;4;4;7;4;4
45;0;4;11;5;5;4;4;1;3;35;3;2;2;4;0;1;1;0;2;1;2;1;2
46;0;4;36;3;3;1;4;1;3;39;3;2;1;3;0;1;0;1;2;3;3;3;2
47;0;1;6;3;3;5;1;1;2;23;3;1;1;1;1;1;1;0;1;1;2;1;1
48;0;4;11;5;5;3;1;1;2;39;3;2;2;2;0;1;0;1;2;1;8;1;2
49;0;4;12;3;4;3;4;2;1;28;3;2;1;3;0;1;1;0;1;1;3;1;1
50;0;2;24;4;1;4;4;1;2;29;1;2;1;2;0;1;0;1;1;2;3;2;1
51;0;2;27;4;5;1;1;1;3;30;3;2;2;4;1;1;0;1;1;3;6;3;1
52;0;4;12;3;5;3;3;1;3;25;3;2;1;3;0;1;0;1;1;1;2;1;1
53;0;4;18;3;1;3;2;1;2;31;3;2;1;3;1;1;0;1;2;2;4;2;2
54;1;2;36;4;5;1;4;1;4;57;1;3;2;3;1;1;0;1;4;3;3;3;4
55;0;4;6;2;1;3;1;3;1;26;2;2;1;2;0;1;0;1;1;1;1;1;1
56;1;2;12;3;1;5;2;1;4;52;3;2;1;4;1;1;0;1;4;1;7;1;4
57;0;4;36;5;5;3;2;1;3;31;2;2;2;3;0;1;1;0;2;3;10;3;2
58;0;3;18;3;5;1;3;1;3;23;3;2;1;4;0;1;1;0;1;2;2;2;1
59;1;1;36;5;5;4;4;2;4;23;3;1;2;2;1;1;1;0;1;3;7;3;1
60;0;2;9;3;5;3;2;1;1;27;1;2;1;3;1;1;0;0;1;1;2;1;1
61;0;2;15;5;1;1;4;3;1;50;3;2;2;3;1;1;0;1;3;2;2;2;3
62;1;2;36;1;5;1;4;1;4;61;3;3;1;4;1;1;0;1;5;3;2;3;5
63;1;2;48;1;5;3;2;1;3;25;3;2;1;3;1;1;0;1;1;4;15;4;1
64;0;4;24;3;5;4;4;1;2;26;3;2;1;3;1;1;1;0;1;2;4;2;1
65;0;4;27;3;1;1;4;1;2;48;3;2;4;3;1;1;0;1;3;3;6;3;3
66;0;4;12;3;5;4;2;1;3;29;1;2;1;3;0;1;1;0;1;1;3;1;1
67;0;2;12;3;2;3;4;1;1;22;3;2;1;3;0;1;0;0;1;1;2;1;1
68;1;4;36;3;5;3;4;1;4;37;2;3;1;3;1;1;0;1;2;3;2;3;2
69;0;4;36;3;1;3;4;1;3;25;3;2;1;3;0;1;1;0;1;3;3;3;1
70;0;4;36;3;5;3;1;1;2;30;1;2;1;3;0;1;1;0;1;3;9;3;1
71;0;4;7;5;1;1;4;1;2;46;3;1;2;2;1;1;0;1;3;1;1;1;3
72;0;1;8;5;5;1;3;1;4;51;1;3;2;4;1;1;0;1;4;1;2;1;4
73;0;2;42;5;5;2;2;1;1;41;1;2;2;2;0;1;1;0;3;4;6;4;3
74;1;1;36;3;1;1;4;1;4;40;3;2;1;4;1;1;0;1;2;3;2;3;2
75;0;1;12;5;5;1;4;1;4;66;3;3;2;4;0;1;0;1;5;1;2;1;5
76;1;1;42;3;5;4;4;1;3;34;3;2;1;3;0;1;0;1;2;4;4;4;2
77;0;2;11;4;5;2;2;1;2;51;3;2;1;3;0;1;0;1;4;1;5;1;4
78;0;4;54;1;1;3;2;1;2;39;3;2;1;2;0;1;0;1;2;5;10;5;2
79;0;2;30;3;5;4;2;1;2;22;3;2;1;3;0;1;0;0;1;3;4;3;1
80;1;4;24;3;1;4;1;1;3;44;3;2;2;3;1;1;1;0;3;2;6;2;3
81;0;4;15;3;3;1;4;1;2;47;2;2;1;3;1;1;0;1;3;2;2;2;3
82;0;4;18;3;4;3;3;1;2;24;3;1;1;2;0;1;1;0;1;2;2;2;1
83;0;1;24;3;5;1;4;3;1;58;3;2;1;2;1;1;1;0;4;2;2;2;4
84;0;1;10;3;5;1;3;1;1;52;3;2;1;2;0;1;0;1;4;1;3;1;4
85;0;4;12;5;5;3;4;3;1;29;3;2;2;4;1;1;1;0;1;1;2;1;1
86;0;2;18;5;5;4;4;1;2;27;3;2;2;3;0;1;1;0;1;2;2;2;1
87;1;2;36;3;4;3;1;1;4;47;3;3;1;3;1;1;0;1;3;3;13;3;3
88;0;1;18;3;4;2;4;1;3;30;3;2;1;4;1;1;0;1;1;2;3;2;1
89;1;1;12;1;5;2;4;1;1;28;3;2;2;3;0;1;0;1;1;1;2;1;1
90;0;4;12;5;5;1;4;1;1;56;3;2;1;3;0;1;0;1;4;1;1;1;4
91;0;1;12;5;5;1;4;1;1;54;3;2;1;3;0;1;0;1;4;1;2;1;4
92;1;4;12;5;1;1;4;1;2;33;1;2;1;2;0;1;1;0;2;1;1;1;2
93;0;3;24;5;1;1;4;2;4;20;3;1;2;3;0;1;0;1;1;2;4;2;1
94;0;2;12;3;2;1;4;1;1;54;3;2;1;3;1;1;0;1;4;1;2;1;4
95;1;2;54;1;5;4;3;1;4;58;3;1;1;3;1;1;0;1;4;5;16;5;4
96;0;4;12;5;1;2;4;1;3;61;3;2;1;3;0;1;1;0;5;1;3;1;5
97;0;2;18;3;4;3;4;1;3;34;3;2;1;3;0;1;0;1;2;2;3;2;2
98;0;2;36;5;5;1;4;1;1;36;3;2;1;3;0;1;0;1;2;3;3;3;2
99;0;2;20;4;1;2;3;1;2;36;1;1;2;4;1;1;0;1;2;2;8;2;2
100;0;4;24;3;4;1;4;1;1;41;3;1;1;2;0;1;0;0;3;2;2;2;3
101;0;2;36;3;5;2;4;1;3;24;3;1;1;3;0;1;0;1;1;3;3;3;1
102;0;4;6;4;5;3;3;1;1;24;3;2;1;3;0;1;1;0;1;1;1;1;1
103;0;2;9;5;5;2;4;1;3;35;3;1;1;3;1;1;0;1;2;1;2;1;2
104;0;4;12;3;1;4;2;1;3;26;3;1;1;3;1;1;0;0;1;1;3;1;1
105;1;2;24;5;5;3;2;2;3;39;3;2;2;4;1;1;0;1;2;2;12;2;2
106;1;4;18;2;5;1;2;1;4;39;1;2;2;4;1;1;0;1;2;2;7;2;2
107;0;2;12;3;5;2;2;1;3;32;3;2;1;3;0;1;0;1;2;1;7;1;2
108;0;1;24;3;1;4;1;1;2;30;3;2;1;3;1;0;1;0;1;2;8;2;1
109;0;2;14;3;3;1;1;1;1;35;3;2;1;3;1;1;0;0;2;2;2;2;2
110;0;2;6;4;4;1;1;1;3;31;1;2;2;3;0;1;0;0;2;1;2;1;2
111;0;3;15;3;5;4;4;1;2;23;3;1;1;3;1;1;1;0;1;2;1;2;1
112;0;2;18;3;5;2;3;1;1;28;3;1;1;2;0;1;0;1;1;2;7;2;1
113;1;4;36;5;5;3;4;1;1;25;2;2;2;3;1;1;1;0;1;3;8;3;1
114;0;1;12;3;3;1;3;1;1;35;3;2;1;3;0;1;0;0;2;1;2;1;2
115;0;4;48;5;1;1;4;1;1;47;3;2;1;3;1;1;0;1;3;4;4;4;3
116;1;1;42;3;1;2;4;1;3;30;3;2;1;4;1;1;1;0;1;4;8;4;1
117;0;1;10;5;1;4;2;2;1;27;3;1;2;3;0;0;1;0;1;1;3;1;1
118;1;1;33;5;3;3;1;1;3;23;3;2;2;3;0;1;1;0;1;3;5;3;1
119;0;2;12;5;3;2;3;1;3;36;3;2;1;4;1;1;0;0;2;1;3;1;2
120;1;1;21;3;5;3;3;1;1;25;3;2;2;3;1;1;1;0;1;2;2;2;1
121;0;4;24;5;5;1;4;1;3;41;3;1;2;4;1;1;1;0;3;2;4;2;3
122;0;4;12;3;5;3;3;1;1;24;3;1;1;2;0;1;0;1;1;1;2;1;1
123;0;3;10;5;5;1;4;1;4;63;3;3;2;3;1;1;0;1;5;1;1;1;5
124;1;2;18;3;1;4;4;1;1;27;3;1;1;3;0;1;1;0;1;2;2;2;1
125;0;1;12;5;5;3;4;1;2;30;3;2;2;3;0;1;0;1;1;1;3;1;1
126;0;1;12;3;5;3;4;1;1;40;3;2;1;2;0;1;0;0;2;1;1;1;2
127;1;2;12;3;5;3;4;1;3;30;3;2;1;3;0;1;0;1;1;1;1;1;1
128;0;2;12;5;5;5;4;1;3;34;3;2;2;4;1;1;0;1;2;1;2;1;2
129;1;1;12;5;5;3;3;2;1;29;3;2;2;3;0;1;1;0;1;1;4;1;1
130;0;2;48;3;1;2;1;1;3;24;3;2;1;3;0;1;1;0;1;4;9;4;1
131;1;1;36;4;5;3;4;1;2;29;2;2;1;3;1;1;0;1;1;3;7;3;1
132;0;4;15;3;5;4;2;1;2;27;1;2;2;2;0;1;0;1;1;2;3;2;1
133;0;4;18;3;5;3;4;1;4;47;1;3;2;3;0;1;0;1;3;2;2;2;3
134;0;4;60;3;4;2;2;1;1;21;3;2;1;3;1;1;1;0;1;5;11;5;1
135;0;4;12;5;1;1;4;1;1;38;3;2;2;3;1;1;1;0;2;1;2;1;2
136;0;4;27;4;2;3;2;1;3;27;3;2;2;3;0;1;0;1;1;3;9;3;1
137;1;2;12;3;3;3;4;1;1;66;3;2;1;2;0;1;0;1;5;1;1;1;5
138;0;2;15;5;1;2;4;3;1;35;1;2;3;3;1;1;0;1;2;2;3;2;2
139;0;3;12;3;5;3;2;1;3;44;3;1;1;2;1;1;1;0;3;1;2;1;3
140;0;3;6;3;2;4;2;1;1;27;3;2;1;1;0;0;0;0;1;1;1;1;1
141;0;2;36;3;5;4;4;1;4;30;3;2;1;4;1;1;1;0;1;3;5;3;1
142;0;1;27;3;5;3;3;1;3;27;3;2;1;4;0;1;0;1;1;3;4;3;1
143;1;1;18;3;5;3;2;1;3;22;3;2;1;3;0;1;0;1;1;2;3;2;1
144;0;4;21;5;5;4;4;1;2;23;3;2;1;3;1;1;1;0;1;2;3;2;1
145;0;2;48;2;4;2;4;1;3;30;3;2;1;3;0;1;0;1;1;4;4;4;1
146;0;1;6;5;5;1;1;1;4;39;3;2;2;3;1;1;1;0;2;1;1;1;2
147;0;4;12;5;4;2;4;1;3;51;3;2;2;3;1;1;1;0;4;1;1;1;4
148;0;1;36;5;5;3;3;3;2;28;3;2;2;3;0;1;0;1;1;3;6;3;1
149;0;4;18;5;2;1;4;1;3;46;3;2;2;3;0;1;0;1;3;2;2;2;3
150;0;4;6;3;4;1;2;1;4;42;1;3;1;3;1;1;0;1;3;1;2;1;3
151;0;4;10;3;5;3;1;1;2;38;3;2;1;3;1;0;0;1;2;1;2;1;2
152;0;3;36;3;5;3;4;1;3;24;3;2;1;3;0;1;0;1;1;3;6;3;1
153;0;2;24;5;2;1;2;1;4;29;3;1;1;3;0;1;1;0;1;2;8;2;1
154;0;2;24;4;4;2;4;1;3;36;3;1;1;4;1;1;0;1;2;2;7;2;2
155;1;1;12;3;5;3;2;1;3;20;3;1;1;3;0;1;1;0;1;1;2;1;1
156;0;1;9;5;4;1;3;3;1;48;3;2;2;3;0;0;0;1;3;1;2;1;3
157;0;1;12;2;5;1;4;1;3;45;1;2;1;2;0;1;0;0;3;1;1;1;3
158;0;2;24;3;4;2;2;1;3;38;1;2;2;3;1;1;0;1;2;2;4;2;2
159;0;4;6;5;1;3;1;1;1;34;3;2;2;2;0;1;0;1;2;1;2;1;2
160;0;4;24;5;4;1;3;1;1;36;3;2;1;3;1;1;0;1;2;2;3;2;2
161;0;4;18;5;5;4;4;1;2;30;3;2;2;3;0;1;1;0;1;2;2;2;1
162;0;4;15;3;3;2;4;1;2;36;3;2;2;3;1;1;0;1;2;2;2;2;2
163;0;2;10;3;5;5;2;1;4;70;1;3;1;4;1;1;0;1;5;1;8;1;5
164;0;4;36;3;3;1;4;1;2;36;3;2;1;3;0;1;0;1;2;3;1;3;2
165;0;4;6;3;3;3;1;1;3;32;3;2;1;3;1;1;0;1;2;1;3;1;2
166;1;1;18;3;5;5;4;1;3;33;3;2;1;3;0;1;1;0;2;2;2;2;2
167;0;2;11;3;2;4;4;1;1;20;3;2;1;3;0;1;1;0;1;1;2;1;1
168;0;4;24;3;5;2;2;1;2;25;3;1;1;3;1;1;1;0;1;2;4;2;1
169;1;2;24;5;5;1;4;1;1;31;3;2;2;3;1;1;0;0;2;2;2;2;2
170;1;1;15;1;5;1;4;1;3;33;3;1;2;3;0;1;0;1;2;2;1;2;2
171;0;4;12;3;5;3;4;1;1;26;3;2;1;3;1;1;1;0;1;1;1;1;1
172;1;2;24;4;5;5;3;1;2;34;3;2;1;4;1;1;1;0;2;2;3;2;2
173;0;2;8;3;5;3;4;3;1;33;3;2;1;3;0;0;0;1;2;1;2;1;2
174;1;1;21;4;5;4;2;1;2;26;3;2;2;3;0;1;0;1;1;2;4;2;1
175;1;4;30;2;1;5;4;1;1;53;1;2;1;4;1;1;1;0;4;3;8;3;4
176;0;1;12;3;5;3;2;1;3;42;3;2;1;3;0;1;0;0;3;1;3;1;3
177;0;1;6;5;3;1;4;1;3;52;3;2;2;3;0;1;0;1;4;1;1;1;4
178;0;4;12;3;5;2;4;1;3;31;3;1;2;4;1;1;0;1;2;1;2;1;2
179;0;1;21;5;5;1;4;1;1;65;3;2;2;3;0;1;0;1;5;2;1;2;5
180;1;4;36;4;5;4;1;1;3;28;3;2;2;3;0;1;0;0;1;3;10;3;1
181;1;2;36;4;5;3;2;1;1;30;2;2;2;4;1;1;0;0;1;3;5;3;1
182;1;1;21;2;1;3;4;1;2;40;3;2;2;2;0;1;0;1;2;2;2;2;2
183;0;4;24;5;2;3;4;1;1;50;3;2;1;3;1;1;0;1;3;2;4;2;3
184;1;2;18;5;5;1;4;1;3;36;1;2;1;3;1;1;0;1;2;2;1;2;2
185;0;4;15;5;5;3;4;1;2;31;3;2;2;3;0;1;0;1;2;2;2;2;2
186;1;2;9;2;5;1;2;1;4;74;1;3;1;4;1;1;1;0;6;1;6;1;5
187;0;2;16;5;5;5;2;1;3;68;3;3;3;1;1;1;0;1;5;2;2;2;5
188;1;1;12;3;4;2;4;1;2;20;3;2;1;3;0;1;0;0;1;1;1;1;1
189;0;2;18;1;5;3;1;1;3;33;1;2;2;3;1;1;1;0;2;2;4;2;2
190;1;4;24;3;2;3;2;1;2;54;3;2;3;4;1;1;0;1;4;2;5;2;4
191;1;2;48;1;4;2;4;1;4;34;3;3;1;2;0;1;0;1;2;4;4;4;2
192;1;2;27;3;5;3;4;1;3;36;3;2;1;3;1;1;0;1;2;3;4;3;2
193;0;4;6;3;5;2;2;1;1;29;3;1;1;3;0;1;0;0;1;1;3;1;1
194;1;2;45;3;4;3;4;3;2;21;3;1;1;3;0;1;0;1;1;4;4;4;1
195;1;2;9;5;5;1;2;1;3;34;3;2;2;4;1;1;1;0;2;1;2;1;2
196;0;4;6;5;5;3;1;1;3;28;3;2;2;3;1;1;1;0;1;1;2;1;1
197;1;2;12;3;4;4;4;1;3;27;1;1;4;3;0;1;1;0;1;1;1;1;1
198;0;2;24;3;1;1;4;1;4;36;1;3;1;3;1;1;0;1;2;2;3;2;2
199;1;2;18;4;5;1;4;1;4;40;3;2;1;4;1;1;0;0;2;2;5;2;2
200;0;4;9;5;3;1;4;1;3;52;3;2;2;3;1;1;0;1;4;1;1;1;4
201;0;1;12;3;5;3;4;1;1;27;3;2;1;2;0;1;0;0;1;1;2;1;1
202;0;4;27;4;5;2;3;1;3;26;3;2;2;3;0;1;0;1;1;3;6;3;1
203;1;1;12;3;5;2;4;1;2;21;3;1;1;3;0;1;0;0;1;1;1;1;1
204;0;4;12;5;5;1;4;1;1;38;3;2;2;2;0;1;0;1;2;1;2;1;2
205;0;1;30;5;5;1;3;1;4;38;3;3;3;4;1;1;0;1;2;3;11;3;2
206;0;4;12;5;5;1;4;1;1;43;3;2;3;3;1;1;0;1;3;1;2;1;3
207;0;2;12;5;5;2;4;1;2;26;3;2;1;3;0;1;0;1;1;1;2;1;1
208;0;1;24;3;5;3;2;1;3;21;2;2;1;2;0;1;0;0;1;2;7;2;1
209;0;4;12;3;2;2;3;1;2;55;3;2;1;3;0;0;0;1;4;1;2;1;4
210;0;4;9;5;1;3;1;1;1;33;3;2;2;3;0;1;0;1;2;1;4;1;2
211;0;4;36;3;1;1;2;1;1;45;3;2;1;2;1;1;1;0;3;3;4;3;3
212;1;1;27;1;5;5;2;1;2;50;2;2;2;3;1;1;0;1;3;3;6;3;3
213;1;3;30;4;5;1;4;1;1;66;3;2;1;4;1;1;0;1;5;3;2;3;5
214;0;4;36;5;1;1;4;1;3;51;3;2;1;3;1;1;0;1;4;3;4;3;4
215;0;2;6;5;1;2;1;1;2;39;3;2;2;2;0;1;1;0;2;1;1;1;2
216;0;1;18;1;5;2;3;1;2;31;1;2;1;3;1;1;0;1;2;2;4;2;2
217;0;3;36;3;5;3;2;1;1;23;3;2;1;3;1;1;0;1;1;3;4;3;1
218;0;1;24;3;5;3;2;1;1;24;3;1;1;2;0;1;0;0;1;2;4;2;1
219;0;4;10;3;5;3;2;1;3;64;3;2;1;3;1;1;1;0;5;1;2;1;5
220;0;2;12;3;5;4;4;3;1;26;1;2;1;2;0;1;0;0;1;1;1;1;1
221;0;1;12;3;1;3;4;1;2;23;1;1;1;3;1;1;1;0;1;1;2;1;1
222;0;4;12;3;5;3;4;1;1;30;1;2;2;3;0;1;0;1;1;1;1;1;1
223;0;4;24;4;1;3;4;1;1;32;3;2;2;3;1;1;0;1;2;2;3;2;2
224;0;4;15;3;5;3;3;1;3;30;3;2;1;3;1;1;0;1;1;2;5;2;1
225;0;4;36;1;5;3;4;1;3;27;3;2;2;3;0;1;0;1;1;3;3;3;1
226;1;2;48;3;2;2;1;2;4;27;1;2;2;3;1;1;0;1;1;4;11;4;1
227;1;1;12;3;5;1;4;1;4;53;3;3;1;4;1;1;0;1;4;1;8;1;4
228;1;4;9;3;5;2;4;1;3;22;3;2;1;3;0;1;0;1;1;1;2;1;1
229;0;1;24;3;5;4;4;1;4;22;1;3;1;3;0;1;0;1;1;2;4;2;1
230;1;3;36;3;5;3;4;1;3;26;3;2;1;3;0;1;0;1;1;3;5;3;1
231;0;4;9;3;3;1;2;1;4;51;3;3;1;2;0;1;0;1;4;1;3;1;4
232;0;4;12;3;4;2;3;1;4;35;3;2;1;3;0;1;0;1;2;1;3;1;2
233;0;2;18;3;5;3;4;3;1;25;3;2;1;2;0;1;0;0;1;2;1;2;1
234;0;4;4;5;5;2;2;1;1;42;3;2;3;2;0;1;0;1;3;1;2;1;3
235;1;1;24;3;5;5;4;1;3;30;2;2;1;4;0;1;0;1;1;2;2;2;1
236;1;2;6;3;1;5;1;1;2;23;3;2;1;1;1;1;0;1;1;1;15;1;1
237;1;2;21;3;4;1;4;1;3;61;1;1;2;2;0;1;0;0;5;2;3;2;5
238;0;4;12;5;5;3;4;1;2;35;3;2;2;3;0;1;1;0;2;1;2;1;2
239;0;1;30;3;5;1;1;3;2;39;3;2;1;3;0;1;0;1;2;3;3;3;2
240;1;1;24;3;1;1;4;1;3;29;1;2;1;3;0;1;1;0;1;2;1;2;1
241;0;4;6;3;5;2;3;1;2;51;3;2;1;3;0;1;0;1;4;1;2;1;4
242;1;1;48;1;5;1;3;1;4;24;3;3;2;3;0;1;0;1;1;4;5;4;1
243;0;4;12;5;5;3;3;1;1;27;3;2;2;3;0;1;1;0;1;1;2;1;1
244;0;4;12;2;3;3;4;1;1;35;3;2;1;2;0;1;1;0;2;1;4;1;2
245;0;4;24;3;5;2;4;1;1;25;3;2;1;3;1;1;0;1;1;2;2;2;1
246;0;4;12;5;5;1;4;1;1;52;3;2;3;3;0;1;0;1;4;1;1;1;4
247;0;4;6;1;4;3;4;1;4;35;1;1;1;3;0;0;0;1;2;1;2;1;2
248;0;3;24;3;5;3;2;1;1;26;3;2;1;3;0;1;0;1;1;2;2;2;1
249;1;4;18;3;5;5;3;2;1;22;3;1;1;3;0;1;1;0;1;2;1;2;1
250;0;1;6;5;2;2;3;1;1;39;3;2;2;2;1;1;1;0;2;1;1;1;2
251;0;3;12;3;5;3;1;1;3;46;3;2;1;2;0;1;1;0;3;1;3;1;3
252;1;2;30;3;5;3;4;3;4;24;1;2;1;3;0;1;1;0;1;3;3;3;1
253;0;4;24;4;4;3;2;1;2;35;3;2;2;3;0;1;0;1;2;2;5;2;2
254;0;2;9;3;1;2;2;1;3;24;3;2;1;3;1;1;0;1;1;1;3;1;1
255;0;2;60;4;1;3;1;1;1;27;3;2;1;2;0;1;0;1;1;5;8;5;1
256;0;4;24;5;5;3;4;1;1;35;3;2;2;2;0;1;0;1;2;2;3;2;2
257;1;1;12;2;5;3;4;1;4;29;3;3;1;3;0;1;0;0;1;1;3;1;1
258;0;4;15;3;4;4;1;1;3;23;3;2;1;3;1;1;1;0;1;2;4;2;1
259;0;4;11;5;4;5;4;1;1;57;3;2;3;2;0;1;1;0;4;1;2;1;4
260;0;1;12;3;5;3;2;1;1;27;3;2;1;3;0;1;0;1;1;1;2;1;1
261;0;1;24;3;5;1;4;1;3;55;3;2;1;3;0;1;1;0;4;2;2;2;4
262;0;1;18;5;5;1;2;1;4;36;3;3;3;4;1;1;0;1;2;2;6;2;2
263;0;4;12;5;5;1;2;1;4;57;1;3;3;2;0;1;1;0;4;1;3;1;4
264;0;4;10;5;5;1;3;1;1;32;3;2;2;2;0;0;0;1;2;1;2;1;2
265;1;2;15;3;5;1;4;1;3;37;3;2;1;3;0;1;0;1;2;2;1;2;2
266;0;4;36;5;1;1;4;1;1;36;3;2;2;3;0;1;0;1;2;3;7;3;2
267;0;4;24;3;5;4;4;1;3;38;2;2;1;3;1;1;1;0;2;2;2;2;2
268;1;1;14;3;5;1;1;1;2;45;3;2;1;4;1;0;0;0;3;2;9;2;3
269;0;4;24;3;1;1;4;1;3;25;3;2;2;3;0;1;0;1;1;2;1;2;1
270;0;4;18;3;1;2;4;1;2;32;3;2;1;3;0;0;0;1;2;2;3;2;2
271;0;4;12;5;3;2;3;1;3;37;3;1;1;3;1;1;1;0;2;1;2;1;2
272;0;2;48;2;1;5;4;2;4;36;3;3;1;4;1;1;0;1;2;4;13;4;2
273;1;2;48;3;5;2;4;1;1;28;3;2;2;3;0;1;0;1;1;4;4;4;1
274;1;1;30;3;5;4;1;1;4;34;3;2;1;2;1;1;0;0;2;3;12;3;2
275;0;4;9;3;5;3;1;1;1;32;3;2;1;3;0;1;0;1;2;1;3;1;2
276;0;4;18;5;5;3;2;1;3;26;3;2;2;3;0;1;1;0;1;2;3;2;1
277;0;1;12;3;1;1;2;1;2;49;3;2;1;2;1;1;0;0;3;1;2;1;3
278;1;4;6;3;5;4;1;1;2;32;3;2;1;3;0;1;1;0;2;1;5;1;2
279;0;4;24;3;4;3;4;1;3;29;3;1;1;4;1;1;0;1;1;2;2;2;1
280;0;4;15;5;2;1;3;1;4;23;3;1;2;3;1;1;0;1;1;2;4;2;1
281;0;4;12;3;5;3;4;1;1;50;3;2;1;3;0;1;0;1;3;1;2;1;3
282;0;3;18;2;1;2;4;1;3;49;1;2;1;2;0;1;0;1;3;2;2;2;3
283;0;4;15;5;1;1;4;1;2;63;3;2;1;3;0;1;0;1;5;2;2;2;5
284;0;2;24;5;4;4;4;1;3;37;3;2;1;3;1;1;0;0;2;2;4;2;2
285;0;1;47;3;5;4;1;1;1;35;3;2;1;2;1;1;1;0;2;4;11;4;2
286;0;1;48;3;5;2;4;1;2;26;3;2;1;3;0;1;0;1;1;4;5;4;1
287;0;2;48;4;4;5;2;1;4;31;3;3;1;4;1;1;0;1;2;4;8;4;2
288;0;2;12;3;5;3;4;3;1;49;3;2;2;3;1;1;1;0;3;1;2;1;3
289;1;1;24;4;5;4;4;1;1;48;2;2;1;3;0;1;0;0;3;2;2;2;3
290;0;4;12;3;5;3;2;1;1;26;3;2;1;3;1;0;0;0;1;1;2;1;1
291;1;2;36;3;5;4;1;1;3;28;3;1;1;4;1;1;0;0;1;3;10;3;1
292;0;1;24;5;5;1;2;1;4;44;3;3;2;4;1;1;1;0;3;2;7;2;3
293;0;3;42;5;5;1;4;1;4;56;3;3;1;3;0;1;0;1;4;4;5;4;4
294;0;4;48;5;1;1;4;1;3;46;1;2;2;4;0;1;0;0;3;4;8;4;3
295;1;2;48;3;5;4;1;1;3;26;3;2;1;3;1;1;1;0;1;4;10;4;1
296;0;4;12;3;1;4;1;1;3;20;3;1;1;3;0;1;1;0;1;1;5;1;1
297;0;4;10;3;1;1;4;2;2;45;3;2;1;2;0;0;0;1;3;1;2;1;3
298;0;4;18;3;5;3;3;1;1;43;3;2;1;3;1;1;0;1;3;2;3;2;3
299;0;2;21;5;2;2;3;1;3;32;3;2;2;3;1;1;0;1;2;2;3;2;2
300;0;4;6;3;5;5;1;1;1;54;3;2;1;1;1;1;1;0;4;1;1;1;4
301;1;2;36;1;5;3;4;1;3;42;3;2;1;3;1;1;1;0;3;3;4;3;3
302;1;3;24;5;1;2;4;1;1;37;1;2;2;2;0;1;0;1;2;2;2;2;2
303;0;1;10;5;5;2;4;2;2;49;3;2;2;3;1;1;0;1;3;1;2;1;3
304;1;4;48;5;3;3;2;1;4;44;1;3;1;3;0;1;0;1;3;4;11;4;3
305;0;4;6;3;2;3;4;1;1;33;3;2;1;3;0;1;0;0;2;1;2;1;2
306;0;4;30;3;1;2;2;1;2;24;2;1;1;2;0;1;1;0;1;3;5;3;1
307;1;1;12;3;4;4;4;1;4;33;3;2;1;2;1;1;0;0;2;1;1;1;2
308;1;2;8;3;5;3;3;1;1;24;3;2;1;3;0;1;1;0;1;1;2;1;1
309;0;2;9;3;5;3;4;1;1;22;3;1;1;2;0;1;0;0;1;1;1;1;1
310;0;2;48;3;1;5;3;1;4;40;1;3;1;1;1;1;0;1;2;4;6;4;2
311;0;4;24;3;4;3;4;1;3;25;2;2;1;3;0;1;0;1;1;2;6;2;1
312;0;3;24;3;5;4;2;1;3;26;3;2;1;3;0;1;1;0;1;2;4;2;1
313;1;2;12;3;5;2;2;1;3;25;1;2;1;2;0;1;0;0;1;1;1;1;1
314;0;3;4;3;1;4;1;1;1;29;3;2;1;2;0;0;0;1;1;1;2;1;1
315;1;1;36;2;5;1;4;1;3;31;1;2;1;3;0;1;0;1;2;3;3;3;2
316;0;1;12;3;5;3;2;3;2;38;3;2;1;2;0;1;0;1;2;1;1;1;2
317;0;2;24;3;1;3;1;1;2;48;3;2;1;2;1;1;1;0;3;2;5;2;3
318;0;4;12;5;5;3;4;1;3;32;3;2;2;3;0;1;0;1;2;1;1;1;2
319;0;1;15;4;5;1;1;1;2;27;3;2;2;2;0;1;1;0;1;2;4;2;1
320;1;2;30;5;5;5;4;1;3;28;3;2;2;4;0;1;0;0;1;3;5;3;1
321;1;1;24;3;5;4;4;1;2;32;3;2;1;3;0;1;0;0;2;2;2;2;2
322;0;1;24;3;5;2;2;1;4;34;3;3;1;4;1;1;0;1;2;2;3;2;2
323;0;1;18;3;2;3;4;1;3;28;3;2;1;3;0;1;0;1;1;2;3;2;1
324;0;4;18;5;5;3;4;1;1;36;3;2;2;3;0;1;1;0;2;2;2;2;2
325;0;1;8;5;5;2;1;1;1;39;3;2;2;2;0;0;0;1;2;1;4;1;2
326;0;4;12;5;1;1;2;1;2;49;3;1;1;3;1;1;0;1;3;1;6;1;3
327;0;4;24;3;2;2;4;1;3;34;3;2;1;3;1;1;1;0;2;2;2;2;2
328;0;3;36;3;5;1;4;1;3;31;3;2;1;3;0;1;0;1;2;3;5;3;2
329;0;2;6;3;5;1;4;1;3;28;3;2;1;3;0;1;0;1;1;1;2;1;1
330;0;1;24;5;5;5;2;1;4;75;3;3;2;4;1;1;0;1;6;2;7;2;5
331;1;4;18;5;4;3;4;1;1;30;3;2;2;3;0;1;1;0;1;2;2;2;1
332;1;2;60;3;4;4;4;1;2;24;3;2;1;4;0;1;1;0;1;5;8;5;1
333;1;4;48;5;4;3;2;1;3;24;1;1;2;2;0;1;1;0;1;4;12;4;1
334;1;1;24;1;5;1;3;1;4;23;1;1;2;3;0;1;0;1;1;2;5;2;1
335;1;1;6;5;5;3;1;1;1;44;3;1;1;4;1;1;0;0;3;1;4;1;3
336;0;2;13;3;5;4;2;3;2;23;3;2;1;2;0;1;1;0;1;2;3;2;1
337;1;1;15;3;1;3;4;1;3;24;3;1;1;3;0;1;1;0;1;2;2;2;1
338;0;1;24;3;5;3;4;1;2;28;3;2;1;3;0;1;0;1;1;2;5;2;1
339;0;2;10;3;5;3;4;1;3;31;3;2;1;2;0;1;0;0;2;1;2;1;2
340;0;2;24;5;5;4;2;1;4;24;3;3;2;3;1;1;1;0;1;2;6;2;1
341;0;1;21;3;5;2;1;1;3;26;3;1;1;2;0;1;1;0;1;2;4;2;1
342;0;2;18;3;3;4;1;1;1;25;3;1;1;3;0;1;0;0;1;2;4;2;1
343;0;2;18;3;5;1;1;2;1;33;1;2;1;4;1;1;0;1;2;2;5;2;2
344;0;3;10;3;5;4;1;3;2;37;3;2;1;2;0;1;0;1;2;1;4;1;2
345;0;4;15;5;5;3;4;1;3;43;3;2;1;2;0;1;1;0;3;2;2;2;3
346;0;2;13;5;5;4;4;3;1;23;3;2;2;3;0;1;0;1;1;2;1;2;1
347;0;2;24;3;3;5;1;1;4;23;3;1;1;1;0;1;1;0;1;2;4;2;1
348;0;4;6;4;4;3;1;1;1;34;3;2;2;2;0;1;0;1;2;1;2;1;2
349;1;2;9;5;2;1;4;1;4;32;3;3;2;3;0;1;0;1;2;1;2;1;2
350;0;4;9;3;5;4;1;1;1;23;3;1;1;3;1;1;1;0;1;1;2;1;1
351;1;2;9;3;5;3;1;1;3;29;3;2;1;3;0;0;1;0;1;1;1;1;1
352;0;4;18;5;1;5;2;1;4;38;3;2;1;4;1;1;0;1;2;2;4;2;2
353;1;1;12;1;5;3;4;1;2;28;3;1;2;3;1;1;0;1;1;1;7;1;1
354;0;4;10;3;3;1;4;1;4;46;3;3;1;3;1;1;0;1;3;1;1;1;3
355;1;2;24;3;5;4;4;1;1;23;2;2;1;2;0;1;0;1;1;2;2;2;1
356;0;4;12;5;1;1;1;2;1;49;3;2;1;3;1;1;0;1;3;1;3;1;3
357;1;4;36;4;5;3;4;1;3;26;3;2;2;4;1;1;0;1;1;3;5;3;1
358;0;4;12;3;5;3;4;1;1;28;3;2;1;3;0;1;0;0;1;1;1;1;1
359;1;1;30;3;5;2;4;1;1;23;3;1;1;3;0;1;1;0;1;3;3;3;1
360;0;2;18;3;1;3;4;1;4;61;3;3;1;3;0;1;0;1;5;2;2;2;5
361;0;3;12;3;1;1;2;1;3;37;3;2;1;4;0;1;0;1;2;1;4;1;2
362;0;3;12;4;5;3;2;1;3;36;2;2;2;3;1;1;1;0;2;1;3;1;2
363;0;4;6;3;5;3;1;1;2;21;3;1;1;3;0;1;0;0;1;1;2;1;1
364;1;1;18;3;5;5;4;1;3;25;3;2;1;1;0;1;0;1;1;2;3;2;1
365;0;4;12;3;5;2;2;1;3;36;3;2;1;3;1;1;0;1;2;1;2;1;2
366;0;4;18;5;5;2;3;1;3;27;3;2;2;3;0;1;0;1;1;2;4;2;1
367;0;1;18;3;5;4;1;1;3;22;3;1;1;3;0;1;1;0;1;2;4;2;1
368;1;1;36;3;5;1;4;1;3;42;3;2;1;3;0;1;0;1;3;3;4;3;3
369;0;2;18;3;5;2;2;1;1;40;3;1;1;3;0;1;1;0;2;2;4;2;2
370;0;4;36;3;1;3;4;1;1;36;3;2;1;3;0;1;0;1;2;3;4;3;2
371;0;4;18;5;5;1;3;1;3;33;3;2;2;3;1;1;0;1;2;2;7;2;2
372;0;4;10;5;5;4;1;1;1;23;3;1;2;3;0;1;1;0;1;1;3;1;1
373;0;4;60;5;1;1;2;1;4;63;1;3;1;4;1;1;0;1;5;5;14;5;5
374;1;2;60;2;4;1;3;1;4;60;1;3;2;4;1;1;1;0;4;5;15;5;4
375;1;1;48;2;5;2;2;3;3;37;3;1;1;3;0;1;1;0;2;4;8;4;2
376;0;4;18;4;5;5;2;1;1;34;3;2;2;3;0;1;0;0;2;2;3;2;2
377;0;4;7;4;1;1;3;1;4;36;3;3;1;3;0;1;0;1;2;1;1;1;2
378;1;2;36;3;5;1;4;1;4;57;3;3;1;4;1;1;0;1;4;3;15;3;4
379;0;4;6;5;4;3;4;1;3;52;3;2;2;2;0;1;1;0;4;1;1;1;4
380;0;1;20;3;1;2;4;1;3;39;3;2;1;3;1;1;0;1;2;2;3;2;2
381;1;2;18;3;5;5;3;1;4;38;3;3;1;4;1;1;1;0;2;2;13;2;2
382;0;4;22;3;1;2;4;1;2;25;3;1;1;3;0;1;1;0;1;2;2;2;1
383;0;3;12;3;5;4;4;1;1;26;3;2;1;3;0;1;0;1;1;1;2;1;1
384;0;4;30;4;4;3;2;1;2;26;3;2;2;2;0;1;0;1;1;3;5;3;1
385;0;4;18;5;5;3;2;1;3;25;3;2;2;3;0;1;1;0;1;2;3;2;1
386;0;4;18;3;1;4;4;1;1;21;3;1;1;3;1;1;1;0;1;2;2;2;1
387;0;2;18;5;5;5;4;1;2;40;2;2;2;4;1;1;0;1;2;2;8;2;2
388;0;2;15;5;3;3;2;1;3;27;1;2;1;3;0;1;0;1;1;2;3;2;1
389;0;4;9;3;5;2;3;1;3;27;3;2;2;3;0;1;1;0;1;1;2;1;1
390;0;4;18;3;5;3;2;1;2;30;3;2;1;4;1;1;0;0;1;2;2;2;1
391;0;2;12;3;2;4;1;1;1;19;3;1;1;2;0;1;1;0;1;1;1;1;1
392;0;1;36;3;5;2;2;1;4;39;1;3;1;4;1;1;0;1;2;3;4;3;2
393;0;1;6;5;5;2;1;1;3;31;3;2;1;3;0;1;1;0;2;1;2;1;2
394;0;4;9;5;5;5;2;1;3;31;3;2;1;4;0;1;0;1;2;1;3;1;2
395;0;2;39;4;4;2;2;1;4;32;3;1;1;3;1;1;0;1;2;4;12;4;2
396;0;1;12;3;5;5;3;1;4;55;3;3;1;4;0;1;1;0;4;1;3;1;4
397;0;1;36;5;5;3;3;1;2;46;3;2;2;3;1;1;0;0;3;3;3;3;3
398;1;2;12;3;5;1;1;1;1;46;3;1;2;3;0;1;0;0;3;1;2;1;3
399;0;4;24;5;2;3;4;1;1;43;3;2;2;2;0;1;1;0;3;2;2;2;3
400;0;4;18;3;5;4;3;1;1;39;3;2;1;3;1;1;0;0;2;2;2;2;2
401;0;2;18;5;1;3;4;1;1;28;1;2;2;3;0;1;0;0;1;2;2;2;1
402;1;4;24;4;5;4;2;1;3;27;1;2;2;3;1;1;0;1;1;2;9;2;1
403;0;4;14;4;5;3;4;1;3;27;3;2;2;2;0;1;0;1;1;2;1;2;1
404;0;2;18;4;1;1;4;1;3;43;3;2;1;3;0;1;0;1;3;2;3;2;3
405;1;2;24;3;5;4;1;1;2;22;3;2;1;3;1;1;0;0;1;2;3;2;1
406;0;4;24;5;1;2;4;1;3;43;3;2;2;3;1;1;0;1;3;2;3;2;3
407;0;1;15;3;5;4;4;1;1;27;3;2;1;3;0;0;0;0;1;2;2;2;1
408;0;4;24;3;3;1;3;1;3;26;3;2;1;4;1;1;0;0;1;2;4;2;1
409;1;3;12;5;3;2;4;1;1;28;3;2;3;3;1;1;0;0;1;1;1;1;1
410;0;2;24;3;5;1;4;1;3;20;3;2;1;3;1;1;1;0;1;2;2;2;1
411;0;4;33;5;5;2;3;1;3;35;3;2;2;4;1;1;0;1;2;3;8;3;2
412;1;4;12;5;5;5;4;1;3;42;2;2;2;4;1;1;0;1;3;1;3;1;3
413;0;4;10;3;3;3;3;1;4;40;3;1;1;2;0;0;0;1;2;1;2;1;2
414;1;1;24;3;1;3;4;1;2;35;3;2;1;3;0;1;1;0;2;2;2;2;2
415;0;4;36;5;5;1;2;1;2;35;3;2;2;3;1;1;0;1;2;3;6;3;2
416;1;1;12;3;5;4;4;1;1;33;3;2;1;2;0;1;0;1;2;1;3;1;2
417;0;1;18;4;1;3;1;1;3;23;3;1;2;3;1;1;1;0;1;2;9;2;1
418;0;4;21;3;3;2;1;1;3;31;1;2;1;4;0;1;1;0;2;2;3;2;2
419;1;2;18;3;1;3;4;1;2;33;3;2;1;3;0;1;1;0;2;2;2;2;2
420;0;4;15;3;2;2;2;1;3;20;3;1;1;3;0;1;1;0;1;2;4;2;1
421;0;2;12;3;1;3;4;1;3;30;3;2;1;3;0;1;0;1;1;1;3;1;1
422;0;2;12;5;5;2;2;1;1;47;3;2;2;2;0;1;0;1;3;1;1;1;3
423;0;4;21;4;4;2;4;1;1;34;3;2;2;4;0;1;0;1;2;2;2;2;2
424;1;2;12;3;1;1;1;1;2;25;1;2;1;3;1;1;1;0;1;1;3;1;1
425;0;2;18;3;5;3;1;1;3;21;3;1;1;3;1;1;0;0;1;2;3;2;1
426;0;4;28;5;5;1;4;1;3;29;3;2;2;3;0;1;0;1;1;3;3;3;1
427;0;4;18;5;2;3;4;1;1;46;3;2;2;3;0;1;0;1;3;2;2;2;3
428;0;4;9;3;5;1;1;1;3;20;3;2;1;3;0;1;0;1;1;1;2;1;1
429;1;1;18;5;5;5;2;1;4;55;3;3;3;1;0;1;1;0;4;2;2;2;4
430;0;4;5;3;5;2;1;1;1;74;3;2;1;2;0;1;0;1;6;1;4;1;5
431;1;2;24;3;5;3;2;2;3;29;1;2;2;4;1;1;0;1;1;2;12;2;1
432;0;1;6;5;5;5;4;1;4;36;3;3;3;4;1;1;0;1;2;1;2;1;2
433;0;4;24;5;5;3;4;1;1;33;3;2;2;3;1;1;0;0;2;2;3;2;2
434;0;1;9;3;5;3;3;1;1;25;3;2;1;3;0;1;0;1;1;1;3;1;1
435;1;2;12;3;1;3;2;1;1;25;3;2;1;3;1;1;0;0;1;1;2;1;1
436;0;4;6;3;3;2;2;1;1;23;3;1;1;2;0;1;0;0;1;1;1;1;1
437;0;4;24;5;2;1;4;1;1;37;3;2;2;3;1;1;1;0;2;2;2;2;2
438;0;1;42;5;5;5;4;2;3;65;3;2;2;1;0;1;0;1;5;4;4;4;5
439;1;3;12;2;5;4;4;1;1;26;3;2;1;1;0;1;1;0;1;1;1;1;1
440;0;4;12;3;5;1;4;1;3;39;3;2;1;4;1;1;0;1;2;1;2;1;2
441;0;1;12;3;5;3;2;2;2;30;3;2;1;3;0;1;1;0;1;1;2;1;1
442;0;2;20;4;5;3;2;1;3;29;1;2;2;3;1;1;0;1;1;2;3;2;1
443;1;4;12;3;5;1;4;1;3;41;1;2;1;2;0;1;0;1;3;1;1;1;3
444;1;2;48;5;5;3;2;1;3;30;3;2;1;4;1;1;1;0;1;4;6;4;1
445;0;4;9;5;1;1;4;1;2;41;3;1;2;2;0;1;1;0;3;1;2;1;3
446;1;1;36;3;5;4;4;1;3;34;3;2;1;3;1;1;1;0;2;3;2;3;2
447;0;2;7;3;5;3;2;3;1;35;3;2;1;3;0;1;0;1;2;1;3;1;2
448;0;3;12;3;1;1;3;1;1;55;3;2;1;4;1;1;1;0;4;1;2;1;4
449;1;2;15;4;2;3;3;1;2;61;2;2;2;3;0;1;0;0;5;2;2;2;5
450;0;4;36;5;1;3;4;1;3;30;3;2;1;4;1;1;0;1;1;3;12;3;1
451;0;4;6;3;5;3;3;1;1;29;3;2;1;3;0;1;1;0;1;1;1;1;1
452;0;4;12;1;5;1;2;1;2;34;3;2;2;3;0;1;0;1;2;1;3;1;2
453;0;4;24;3;5;1;4;1;3;35;3;2;1;4;1;1;0;1;2;2;3;2;2
454;1;1;24;3;5;2;2;2;2;31;3;2;1;3;1;1;0;1;2;2;5;2;2
455;0;4;24;3;5;4;4;1;4;29;3;2;1;4;1;1;1;0;1;2;3;2;1
456;0;1;11;5;5;3;2;1;1;36;3;1;2;3;0;1;0;1;2;1;4;1;2
457;1;1;12;3;5;1;3;1;4;35;3;3;1;3;1;1;0;1;2;1;4;1;2
458;0;1;6;3;5;4;4;1;1;27;3;2;1;3;0;1;1;0;1;1;1;1;1
459;0;4;18;3;5;4;3;1;3;32;3;2;1;3;1;1;0;1;2;2;5;2;2
460;0;1;36;3;5;3;1;3;2;37;3;2;1;3;0;1;0;1;2;3;4;3;2
461;0;1;15;3;5;4;2;1;1;36;3;2;1;3;0;1;0;1;2;2;2;2;2
462;0;2;12;3;5;4;3;1;1;34;3;1;1;4;0;1;1;0;2;1;4;1;2
463;0;2;12;3;1;1;4;1;2;38;3;2;2;3;0;1;0;1;2;1;1;1;2
464;0;4;18;3;5;2;4;1;3;34;2;2;2;3;1;1;0;1;2;2;2;2;2
465;0;1;24;3;5;3;3;3;4;63;1;2;1;3;1;1;0;1;5;2;3;2;5
466;1;1;24;4;5;4;4;1;3;29;3;1;1;2;1;1;1;0;1;2;2;2;1
467;0;4;48;4;1;1;3;1;3;32;1;2;2;3;0;1;0;1;2;4;8;4;2
468;0;4;33;4;5;3;2;1;3;26;3;2;2;3;1;1;1;0;1;3;3;3;1
469;0;4;24;4;5;2;3;1;3;35;3;2;2;2;1;1;0;1;2;2;5;2;2
470;1;2;24;3;4;4;3;1;3;22;3;1;1;3;1;1;0;0;1;2;4;2;1
471;1;1;6;3;5;4;4;1;2;23;3;2;1;3;0;1;1;0;1;1;1;1;1
472;1;1;9;3;5;3;4;1;3;28;3;2;1;2;0;1;0;1;1;1;1;1;1
473;0;4;6;3;1;5;4;1;2;36;3;2;1;4;1;1;0;1;2;1;2;1;2
474;1;2;18;5;5;3;4;1;3;33;3;2;1;3;0;1;0;0;2;2;2;2;2
475;1;1;18;1;5;4;1;1;2;26;3;1;1;3;0;1;1;0;1;2;4;2;1
476;0;4;39;3;3;3;4;1;3;24;3;2;1;3;0;1;0;1;1;4;3;4;1
477;0;3;24;3;5;2;4;1;3;25;1;2;1;3;0;1;0;1;1;2;6;2;1
478;0;2;12;3;4;2;3;1;1;39;3;2;1;2;0;1;0;1;2;1;2;1;2
479;0;1;15;5;5;1;4;1;3;44;3;2;2;3;1;1;0;1;3;2;2;2;3
480;0;2;12;5;5;3;1;1;1;23;3;2;1;2;0;1;1;0;1;1;4;1;1
481;0;2;24;3;5;4;4;1;2;26;3;2;1;3;0;1;0;1;1;2;2;2;1
482;0;1;30;3;2;1;4;1;2;57;3;1;2;3;1;1;1;0;4;3;4;3;4
483;0;4;15;4;2;2;3;1;2;30;3;2;2;3;0;1;1;0;1;2;1;2;1
484;0;4;12;5;3;3;4;1;1;44;3;2;1;3;1;1;0;1;3;1;2;1;3
485;1;2;6;4;5;5;4;1;2;47;3;2;1;4;1;1;0;1;3;1;2;1;3
486;0;4;12;3;5;3;2;1;3;52;3;2;1;3;1;1;0;1;4;1;4;1;4
487;0;4;24;3;5;1;4;2;4;62;3;3;1;3;1;1;1;0;5;2;4;2;5
488;0;4;10;3;4;3;3;1;1;35;3;1;1;2;0;0;0;1;2;1;2;1;2
489;0;4;6;3;5;3;2;3;2;26;3;1;1;3;0;1;0;1;1;1;4;1;1
490;0;4;12;5;5;1;2;1;4;26;3;2;2;3;0;1;0;1;1;1;2;1;1
491;1;2;27;1;5;1;2;1;4;42;3;3;2;4;1;1;1;0;3;3;9;3;3
492;0;4;6;5;4;3;1;1;2;27;3;2;2;3;0;1;1;0;1;1;2;1;1
493;0;2;6;3;1;1;4;1;2;38;3;2;1;3;0;1;0;1;2;1;1;1;2
494;0;1;12;5;5;3;3;1;1;39;3;1;2;2;0;0;0;1;2;1;3;1;2
495;1;1;24;3;1;3;2;1;3;20;3;2;1;3;0;1;0;0;1;2;3;2;1
496;1;2;36;3;4;4;4;2;4;29;3;1;1;4;1;1;0;1;1;3;10;3;1
497;0;4;24;5;5;2;4;1;2;40;3;2;2;3;0;1;0;1;2;2;2;2;2
498;0;2;18;3;5;1;4;3;1;32;3;2;1;2;0;1;0;0;2;2;2;2;2
499;0;3;6;5;4;1;2;1;3;28;3;2;2;3;1;1;0;0;1;1;2;1;1
500;1;1;24;3;5;4;4;1;2;27;3;2;1;3;0;1;1;0;1;2;4;2;1
501;0;1;36;3;5;1;2;1;4;42;3;3;1;3;0;1;0;1;3;3;6;3;3
502;0;3;9;3;4;1;2;1;1;49;3;2;1;3;0;1;0;0;3;1;2;1;3
503;1;2;24;5;4;4;4;1;4;38;1;2;2;3;0;1;0;1;2;2;2;2;2
504;1;1;24;3;5;4;4;1;2;24;3;1;1;3;0;1;1;0;1;2;2;2;1
505;1;4;10;3;1;3;4;3;2;27;3;2;1;2;0;1;0;1;1;1;2;1;1
506;0;3;15;5;3;3;2;1;3;36;3;2;1;3;1;1;0;1;2;2;3;2;2
507;1;2;15;2;4;5;1;1;2;34;3;2;1;4;1;1;0;1;2;2;7;2;2
508;0;4;24;3;5;3;4;1;2;28;3;2;1;3;0;1;0;0;1;2;2;2;1
509;0;4;39;3;4;1;4;1;3;45;3;2;1;4;1;1;0;1;3;4;9;4;3
510;1;1;12;3;5;2;4;1;1;26;3;2;1;3;0;1;0;1;1;1;1;1;1
511;0;4;36;3;5;3;2;1;4;32;3;3;1;4;1;1;0;1;2;3;5;3;2
512;0;3;15;3;5;2;2;1;2;26;3;1;1;3;1;1;0;1;1;2;3;2;1
513;0;2;12;4;5;3;4;2;1;20;3;1;2;3;0;1;0;0;1;1;1;1;1
514;0;4;24;3;1;4;4;1;2;54;3;2;1;3;0;1;0;1;4;2;3;2;4
515;0;1;6;5;5;2;4;1;2;37;3;2;2;3;0;0;1;0;2;1;1;1;2
516;0;1;6;5;5;4;2;1;1;40;3;2;1;2;0;0;0;1;2;1;2;1;2
517;1;4;36;5;5;4;2;1;2;23;3;1;2;3;1;1;1;0;1;3;8;3;1
518;0;1;6;3;4;1;3;1;2;43;3;2;1;3;1;1;0;1;3;1;2;1;3
519;0;4;6;5;1;1;4;1;4;36;3;3;2;3;0;1;0;1;2;1;1;1;2
520;0;4;24;5;5;1;3;1;4;44;3;3;2;3;0;1;0;1;3;2;6;2;3
521;1;1;18;3;5;3;2;1;1;24;3;2;1;3;0;1;1;0;1;2;4;2;1
522;1;1;48;1;5;3;3;1;4;53;3;3;2;3;0;1;0;1;4;4;8;4;4
523;0;4;24;3;4;2;3;1;3;23;3;2;1;3;0;1;1;0;1;2;4;2;1
524;0;2;18;3;5;3;4;3;1;26;3;2;1;2;0;1;1;0;1;2;2;2;1
525;0;2;26;3;5;4;2;1;3;30;3;2;2;3;0;1;0;1;1;3;8;3;1
526;0;4;15;5;4;3;4;1;3;31;3;2;1;3;0;1;1;0;2;2;2;2;2
527;0;4;4;5;5;2;2;1;1;42;3;2;2;2;0;1;0;1;3;1;2;1;3
528;1;1;36;3;5;3;4;1;3;31;3;1;1;3;0;1;0;0;2;3;3;3;2
529;0;1;6;3;5;4;3;1;1;41;3;2;1;2;1;1;0;1;3;1;1;1;3
530;0;2;36;3;5;2;3;1;3;32;3;2;2;3;0;1;0;1;2;3;3;3;2
531;1;2;15;3;4;3;2;1;3;28;3;1;2;3;1;1;1;0;1;2;3;2;1
532;0;4;12;4;5;3;4;1;1;41;3;1;1;3;0;1;0;0;3;1;2;1;3
533;0;4;24;3;4;2;4;1;2;26;3;2;1;3;1;1;0;0;1;2;2;2;1
534;0;4;24;3;1;4;4;1;3;25;3;2;2;3;0;1;0;1;1;2;4;2;1
535;1;3;21;5;5;4;2;1;3;33;3;1;1;3;0;1;0;0;2;2;3;2;2
536;0;1;6;3;1;5;4;1;2;75;3;2;1;4;1;1;1;0;6;1;2;1;5
537;0;2;18;5;5;1;3;1;2;37;3;2;1;3;1;1;1;0;2;2;4;2;2
538;1;1;48;3;5;1;4;1;4;42;1;3;1;4;0;1;0;1;3;4;8;4;3
539;0;3;18;3;5;4;1;1;2;45;2;2;1;2;0;1;1;0;3;2;4;2;3
540;1;2;12;3;5;4;1;1;1;23;3;1;1;3;0;1;0;0;1;1;2;1;1
541;0;4;24;4;5;1;4;1;4;60;3;3;2;3;1;1;0;1;4;2;3;2;4
542;1;1;30;3;1;1;4;1;2;31;3;2;1;3;0;1;0;1;2;3;7;3;2
543;1;3;18;3;5;3;2;1;1;34;3;2;1;2;0;1;0;1;2;2;3;2;2
544;0;4;12;5;5;1;4;1;1;61;3;2;2;2;0;1;0;1;5;1;2;1;5
545;1;1;24;4;5;5;4;1;1;43;3;3;2;3;0;1;0;1;3;2;2;2;3
546;0;4;24;5;5;3;4;1;3;37;3;2;1;3;1;1;1;0;2;2;3;2;2
547;0;4;24;3;5;2;3;1;3;32;1;2;1;3;0;1;0;1;2;2;2;2;2
548;1;1;12;2;5;3;4;1;1;24;1;2;1;2;0;1;1;0;1;1;1;1;1
549;0;4;48;5;1;2;2;1;4;35;3;3;2;3;1;1;0;1;2;4;9;4;2
550;0;4;12;5;1;2;4;1;1;23;3;2;2;3;0;1;1;0;1;1;1;1;1
551;0;4;6;2;3;1;2;1;2;45;1;2;1;2;0;1;0;1;3;1;2;1;3
552;1;1;48;3;5;2;1;3;1;34;3;2;2;3;1;1;0;0;2;4;7;4;2
553;0;2;12;5;4;4;4;1;3;27;3;2;1;3;0;1;0;1;1;1;2;1;1
554;0;2;9;3;5;2;4;1;2;67;3;2;2;4;1;1;1;0;5;1;2;1;5
555;1;2;12;3;5;4;2;1;3;22;2;2;1;3;0;1;0;1;1;1;2;1;1
556;1;2;18;1;4;4;3;1;3;28;3;2;2;3;0;1;1;0;1;2;3;2;1
557;1;4;21;1;1;3;1;1;2;29;1;2;2;3;1;1;1;0;1;2;6;2;1
558;1;1;24;2;5;2;3;1;3;27;1;2;1;3;0;1;0;1;1;2;4;2;1
559;1;2;18;5;5;4;2;1;1;31;3;2;2;2;0;1;0;1;2;2;2;2;2
560;0;1;24;3;1;1;4;1;4;49;1;3;1;3;1;1;0;1;3;2;3;2;3
561;1;1;24;2;5;2;4;3;3;24;1;1;1;2;0;1;0;1;1;2;2;2;1
562;0;3;6;4;5;4;2;1;2;29;1;2;1;3;0;1;1;0;1;1;1;1;1
563;1;2;36;3;1;3;1;1;4;37;3;3;1;3;1;1;0;1;2;3;13;3;2
564;0;2;24;4;1;3;4;1;2;37;1;2;2;4;1;1;0;1;2;2;5;2;2
565;0;2;24;4;4;2;3;1;2;23;3;1;2;3;1;1;1;0;1;2;2;2;1
566;1;1;12;3;5;2;2;1;3;36;3;2;1;3;0;1;0;0;2;1;2;1;2
567;0;4;24;5;2;1;2;1;3;34;3;2;1;3;0;1;0;1;2;2;3;2;2
568;0;2;48;3;1;2;4;1;3;41;3;2;2;3;1;1;0;1;3;4;4;4;3
569;1;1;48;3;5;3;3;1;3;31;3;2;1;3;1;1;1;0;2;4;7;4;2
570;1;1;24;3;5;4;4;1;1;23;3;1;1;2;1;1;1;0;1;2;4;2;1
571;0;4;30;5;5;2;3;2;3;38;3;2;1;3;0;1;0;1;2;3;6;3;2
572;0;4;24;3;1;5;2;1;2;26;3;1;1;4;1;1;1;0;1;2;6;2;1
573;0;1;15;3;5;3;4;1;2;22;3;2;1;2;0;1;1;0;1;2;1;2;1
574;0;2;9;3;5;1;4;1;3;27;3;2;2;2;0;1;0;1;1;1;2;1;1
575;0;4;15;5;5;2;2;2;3;24;1;2;2;3;0;1;1;0;1;2;3;2;1
576;0;2;12;3;5;2;2;1;1;27;3;2;1;3;0;1;1;0;1;1;3;1;1
577;0;4;24;5;1;3;3;1;3;33;3;2;2;3;1;1;1;0;2;2;2;2;2
578;1;2;36;5;5;4;4;1;3;27;3;2;2;3;0;1;0;0;1;3;3;3;1
579;0;4;24;3;5;4;4;1;3;27;3;2;2;2;0;1;0;0;1;2;1;2;1
580;1;2;18;5;5;1;3;3;1;30;1;2;2;3;0;1;0;1;1;2;2;2;1
581;0;2;12;5;5;4;1;1;1;49;1;2;2;2;0;1;0;1;3;1;4;1;3
582;0;4;9;3;5;3;4;1;1;26;3;1;1;3;0;1;1;0;1;1;2;1;1
583;1;2;36;3;5;4;4;1;4;33;3;1;1;2;0;1;0;1;2;3;3;3;2
584;0;4;12;3;1;1;4;1;4;52;3;3;1;4;1;1;1;0;4;1;3;1;4
585;1;1;18;3;5;3;1;1;1;20;1;1;1;3;0;1;1;0;1;2;3;2;1
586;0;1;9;5;5;3;2;1;1;36;3;1;2;3;0;1;0;1;2;1;3;1;2
587;0;1;12;3;5;3;4;3;2;21;3;2;1;2;0;1;0;1;1;1;2;1;1
588;1;1;18;3;5;3;4;1;1;47;3;2;1;2;1;1;0;0;3;2;2;2;3
589;1;1;12;5;5;1;3;1;2;60;3;2;2;3;0;1;0;1;4;1;3;1;4
590;0;1;12;5;5;2;4;1;1;58;3;2;4;2;1;1;1;0;4;1;1;1;4
591;0;2;24;4;1;3;4;1;3;42;3;1;2;3;1;1;1;0;3;2;2;2;3
592;0;4;21;3;2;1;4;1;1;36;1;2;1;2;0;1;1;0;2;2;2;2;2
593;1;2;24;3;5;3;3;1;2;20;3;1;1;2;1;1;1;0;1;2;3;2;1
594;1;1;24;2;1;1;4;1;3;40;2;2;1;4;1;1;0;1;2;2;2;2;2
595;1;2;6;2;4;4;1;1;2;32;2;2;1;2;0;1;1;0;2;1;1;1;2
596;1;1;24;3;5;2;4;1;3;23;3;1;2;3;0;1;1;0;1;2;2;2;1
597;1;2;24;1;5;3;1;1;1;36;3;2;3;2;1;1;0;1;2;2;5;2;2
598;1;4;18;5;5;2;2;1;2;31;1;2;2;3;0;1;0;1;2;2;3;2;2
599;0;4;24;4;5;3;1;1;4;32;3;3;1;3;0;1;0;1;2;2;4;2;2
600;0;2;7;3;5;4;1;3;1;45;3;2;1;3;0;1;1;0;3;1;3;1;3
601;1;2;9;3;5;3;4;1;2;30;3;2;1;3;0;1;1;0;1;1;1;1;1
602;1;2;24;2;5;2;4;1;4;34;1;3;1;2;0;1;1;0;2;2;2;2;2
603;1;4;36;3;5;3;4;1;3;28;3;2;1;4;1;1;1;0;1;3;4;3;1
604;0;3;10;3;5;4;4;1;2;23;3;2;1;3;0;1;1;0;1;1;2;1;1
605;0;1;24;2;3;3;4;1;1;22;2;2;1;3;1;1;0;1;1;2;3;2;1
606;0;4;24;5;5;3;3;1;1;74;3;2;1;4;1;1;0;1;6;2;5;2;5
607;1;2;36;3;4;3;4;2;4;50;3;3;1;3;0;1;1;0;3;3;3;3;3
608;0;4;18;3;5;4;4;1;1;33;3;2;1;3;0;1;0;1;2;2;3;2;2
609;0;4;15;3;1;1;4;1;4;45;1;3;1;3;0;1;0;1;3;2;2;2;3
610;1;1;12;3;4;5;4;1;2;22;3;2;1;3;0;1;1;0;1;1;1;1;1
611;1;3;10;3;4;1;1;1;4;48;3;3;1;2;0;1;1;0;3;1;2;1;3
612;0;1;21;3;2;4;4;1;3;29;1;2;1;3;0;1;1;0;1;2;4;2;1
613;0;1;24;2;5;3;1;3;3;22;1;1;1;3;0;0;1;0;1;2;4;2;1
614;1;4;18;4;5;2;4;1;1;22;3;2;1;3;0;1;1;0;1;2;2;2;1
615;0;2;48;1;1;3;2;1;3;48;1;2;1;4;1;1;0;1;3;4;13;4;3
616;0;2;60;4;1;3;2;1;4;27;3;3;1;4;0;1;0;1;1;5;10;5;1
617;0;1;6;5;5;3;1;1;1;37;3;1;3;3;0;1;0;1;2;1;4;1;2
618;1;2;30;3;4;3;2;2;3;21;3;1;1;3;0;1;1;0;1;3;4;3;1
619;0;4;12;3;5;3;4;1;1;49;3;2;1;2;0;1;0;0;3;1;1;1;3
620;0;2;21;5;5;2;2;1;2;27;3;2;2;3;0;1;0;1;1;2;4;2;1
621;1;4;18;5;5;3;3;1;2;32;1;2;2;3;0;1;0;1;2;2;2;2;2
622;1;4;48;3;1;3;4;1;1;38;1;2;1;3;0;1;0;0;2;4;4;4;2
623;0;1;12;3;5;4;4;1;3;22;3;1;1;3;0;1;1;0;1;1;2;1;1
624;1;1;18;3;5;3;4;1;4;65;3;3;2;3;0;1;0;1;5;2;3;2;5
625;0;4;15;3;1;1;4;1;3;35;3;2;1;3;0;1;0;1;2;2;2;2;2
626;0;3;6;3;5;3;2;1;1;41;3;2;1;3;1;1;0;1;3;1;3;1;3
627;1;2;9;2;4;2;2;1;4;29;3;2;1;3;0;1;0;1;1;1;2;1;1
628;0;4;42;5;3;3;4;1;1;36;3;2;2;3;1;1;0;1;2;4;5;4;2
629;0;4;9;3;1;1;1;1;1;64;3;2;1;2;0;1;0;1;5;1;4;1;5
630;0;1;24;3;5;3;2;1;3;28;3;2;1;3;0;1;1;0;1;2;4;2;1
631;1;1;18;2;5;3;4;1;3;44;1;2;1;3;0;1;0;1;3;2;2;2;3
632;0;2;15;3;1;4;4;1;2;23;3;2;1;3;0;1;0;1;1;2;2;2;1
633;1;4;9;3;5;4;2;2;3;19;3;1;2;3;0;1;1;0;1;1;2;1;1
634;1;2;24;3;5;4;3;1;3;25;3;2;1;2;1;1;1;0;1;2;2;2;1
635;0;4;12;3;5;1;4;1;2;47;1;2;3;3;1;1;0;1;3;1;2;1;3
636;0;4;24;3;3;2;4;1;3;28;3;2;1;3;0;1;1;0;1;2;2;2;1
637;0;4;60;4;5;2;2;1;3;21;3;2;2;3;1;1;0;1;1;5;16;5;1
638;0;4;12;3;5;4;4;1;3;34;3;2;1;3;0;1;1;0;2;1;2;1;2
639;1;1;42;4;5;2;3;1;2;26;1;2;2;3;1;1;0;1;1;4;5;4;1
640;1;1;18;3;5;5;4;1;1;27;3;2;1;1;0;1;1;0;1;2;1;2;1
641;0;2;15;3;5;1;4;1;3;38;3;2;2;2;0;1;0;1;2;2;2;2;2
642;1;4;15;3;4;3;3;1;2;40;3;2;1;4;1;1;0;1;2;2;5;2;2
643;0;4;24;5;5;2;4;3;3;33;3;2;2;3;1;1;0;0;2;2;2;2;2
644;0;1;18;5;5;2;4;1;2;32;3;2;2;4;1;1;0;0;2;2;2;2;2
645;1;4;36;4;1;4;4;1;3;27;3;1;2;3;1;1;0;1;1;3;8;3;1
646;0;1;30;1;5;3;2;3;1;32;3;2;2;3;0;1;0;0;2;3;5;3;2
647;1;4;12;3;3;3;2;1;2;26;3;2;1;3;0;1;1;0;1;1;2;1;1
648;1;3;24;3;5;2;4;1;4;38;1;3;1;3;0;1;0;1;2;2;1;2;2
649;1;1;12;3;5;3;4;1;3;40;3;1;1;2;0;1;0;1;2;1;1;1;2
650;0;1;48;3;5;2;4;1;4;50;3;3;1;4;1;1;0;1;3;4;8;4;3
651;1;2;12;3;5;3;4;1;2;37;3;2;1;2;0;1;0;1;2;1;2;1;2
652;1;1;24;3;5;1;4;2;1;45;3;2;1;3;0;1;0;1;3;2;3;2;3
653;1;2;36;4;4;1;2;1;3;42;3;2;4;4;1;1;0;1;3;3;9;3;3
654;0;4;24;5;5;2;4;1;3;35;3;2;2;3;1;1;0;1;2;2;3;2;2
655;0;1;14;3;5;5;1;1;4;22;3;3;1;3;0;1;0;1;1;2;4;2;1
656;1;2;12;3;5;1;4;1;3;41;1;2;1;2;0;1;0;1;3;1;1;1;3
657;0;4;48;3;1;2;4;1;3;37;2;2;1;3;1;1;0;1;2;4;11;4;2
658;0;2;30;1;5;3;2;1;3;28;3;2;2;3;0;1;1;0;1;3;5;3;1
659;0;2;18;5;5;1;2;1;4;41;3;2;1;3;1;1;0;1;3;2;7;2;3
660;0;3;12;3;5;3;3;1;1;23;3;1;1;3;0;1;0;0;1;1;2;1;1
661;1;1;12;3;1;3;4;1;3;23;3;2;1;3;0;1;0;0;1;1;1;1;1
662;0;4;21;3;5;1;4;1;1;50;3;2;2;3;0;1;0;1;3;2;3;2;3
663;0;2;6;4;5;5;4;1;2;35;2;2;2;4;1;1;0;1;2;1;2;1;2
664;0;3;6;5;5;3;2;1;2;50;3;2;1;2;0;1;1;0;3;1;2;1;3
665;0;4;24;5;5;5;4;2;4;27;1;2;2;4;1;1;0;1;1;2;7;2;1
666;0;2;30;2;2;3;4;1;3;34;2;2;1;3;1;1;0;1;2;3;4;3;2
667;0;4;48;2;5;3;1;1;1;27;2;2;1;3;0;1;1;0;1;4;4;4;1
668;1;1;12;5;5;1;3;2;2;43;3;1;2;3;1;1;0;1;3;1;5;1;3
669;0;3;30;5;5;1;4;1;2;47;3;2;1;3;0;1;0;1;3;3;4;3;3
670;0;4;24;5;4;3;3;1;2;27;3;2;2;2;1;1;0;1;1;2;5;2;1
671;0;4;36;3;4;2;2;1;3;31;3;2;2;3;1;1;0;1;2;3;6;3;2
672;0;4;60;3;5;1;2;1;2;42;3;2;1;4;1;1;0;1;3;5;11;5;3
673;0;4;6;5;3;3;1;1;3;24;3;2;1;3;0;1;0;0;1;1;3;1;1
674;1;4;21;4;3;4;4;1;1;41;1;2;1;2;0;1;0;1;3;2;3;2;3
675;0;4;30;5;5;2;4;1;3;26;3;1;1;4;1;1;1;0;1;3;5;3;1
676;0;4;24;5;5;1;4;1;3;33;3;2;1;3;1;1;0;1;2;2;6;2;2
677;1;2;72;3;4;3;2;1;3;24;3;2;1;3;0;1;0;0;1;6;6;5;1
678;0;1;24;3;5;1;4;1;1;64;1;1;1;2;0;1;0;1;5;2;3;2;5
679;0;4;18;3;5;4;3;1;1;26;3;2;1;3;0;1;1;0;1;2;2;2;1
680;0;4;6;3;5;4;1;1;4;56;3;2;1;3;0;1;1;0;4;1;2;1;4
681;0;4;12;3;1;3;4;1;4;37;3;3;1;3;1;1;0;1;2;1;3;1;2
682;0;4;15;4;5;3;4;1;1;33;1;2;2;3;0;1;0;0;2;2;2;2;2
683;0;4;24;5;5;4;3;1;4;47;3;3;3;3;1;1;0;0;3;2;6;2;3
684;0;2;36;4;4;2;1;1;2;31;3;2;2;2;1;1;0;1;2;3;10;3;2
685;0;4;60;3;1;3;4;1;4;34;3;3;1;3;1;1;0;1;2;5;7;5;2
686;0;3;10;5;1;2;4;1;2;27;3;2;2;3;1;1;0;1;1;1;2;1;1
687;0;2;36;4;4;1;4;1;4;30;3;3;1;3;0;1;0;1;1;3;3;3;1
688;0;4;9;3;4;1;3;2;3;35;3;2;1;3;1;1;0;1;2;1;3;1;2
689;0;1;12;3;2;3;1;1;2;31;3;2;1;3;0;1;0;1;2;1;4;1;2
690;0;1;15;5;5;3;2;1;2;25;3;2;2;3;0;1;0;0;1;2;1;2;1
691;0;2;15;3;4;3;3;1;1;25;3;2;1;2;0;1;1;0;1;2;3;2;1
692;0;2;24;3;4;4;2;1;3;29;3;2;1;3;0;1;0;1;1;2;3;2;1
693;0;1;6;5;1;4;1;1;1;44;3;2;2;2;0;1;0;1;3;1;5;1;3
694;0;4;24;3;5;2;4;1;3;28;3;2;1;3;1;1;0;1;1;2;3;2;1
695;0;4;6;3;3;3;2;1;2;50;3;1;1;3;0;1;0;1;3;1;2;1;3
696;0;2;12;3;5;2;4;3;1;29;3;2;2;3;0;0;0;1;1;1;2;1;1
697;0;4;12;5;5;5;1;1;2;38;3;2;1;1;0;1;1;0;2;1;1;1;2
698;0;4;18;5;5;3;4;1;3;24;3;2;2;3;0;1;0;1;1;2;2;2;1
699;0;3;15;3;5;1;4;1;3;40;3;1;1;4;1;1;0;1;2;2;2;2;2
700;1;4;12;3;3;3;4;1;3;29;3;1;1;2;0;1;1;0;1;1;2;1;1
701;1;1;48;5;5;1;4;1;4;46;3;3;2;3;1;1;0;1;3;4;7;4;3
702;0;3;24;3;4;1;4;1;4;47;3;3;1;3;1;1;1;0;3;2;2;2;3
703;0;2;30;4;4;1;4;1;2;41;2;2;2;3;0;1;0;1;3;3;3;3;3
704;0;2;27;3;5;4;4;1;2;32;3;2;1;3;1;1;1;0;2;3;3;3;2
705;0;4;15;3;3;1;1;1;4;35;3;3;1;3;0;1;1;0;2;2;6;2;2
706;1;2;48;3;4;2;3;1;2;24;3;2;1;3;0;1;0;1;1;4;7;4;1
707;1;2;12;1;5;4;4;1;2;25;3;1;2;3;0;1;1;0;1;1;3;1;1
708;0;2;9;3;5;1;4;1;1;25;3;2;1;3;0;1;1;0;1;1;2;1;1
709;0;2;9;3;5;3;2;1;1;37;3;2;1;2;0;1;0;1;2;1;3;1;2
710;0;4;18;5;3;1;4;1;2;32;1;2;2;4;1;1;0;1;2;2;1;2;2
711;1;1;6;2;5;1;4;1;4;35;3;3;1;3;0;1;1;0;2;1;2;1;2
712;0;4;21;3;1;1;4;1;1;46;3;2;1;4;1;1;0;1;3;2;3;2;3
713;0;1;9;5;5;3;4;1;1;25;3;2;2;2;0;1;0;1;1;1;2;1;1
714;1;2;60;3;5;2;4;1;4;27;3;2;1;4;1;1;0;1;1;5;15;5;1
715;0;4;30;5;1;1;1;1;3;63;3;2;2;3;0;1;0;1;5;3;8;3;5
716;0;4;30;5;1;1;3;1;3;40;3;2;2;3;1;1;0;1;2;3;4;3;2
717;0;4;18;3;5;3;4;1;4;32;3;3;1;4;1;1;0;1;2;2;2;2;2
718;0;3;24;5;1;3;3;1;3;31;3;2;2;3;1;1;0;1;2;2;4;2;2
719;0;2;20;1;4;1;3;1;3;31;1;2;2;3;1;1;0;0;2;2;7;2;2
720;1;3;9;1;5;4;4;1;3;34;3;2;2;4;1;1;0;1;2;1;2;1;2
721;1;2;6;2;2;4;4;1;2;24;1;1;1;3;0;1;1;0;1;1;1;1;1
722;1;1;12;3;5;3;4;1;1;24;3;2;1;2;0;1;1;0;1;1;2;1;1
723;0;2;9;3;3;3;4;1;1;66;3;2;1;2;0;1;1;0;5;1;1;1;5
724;1;4;27;3;5;3;3;1;1;21;3;1;1;3;0;1;1;0;1;3;3;3;1
725;0;4;6;5;2;3;2;1;1;41;1;2;2;2;0;1;1;0;3;1;1;1;3
726;0;4;15;5;3;3;2;1;2;47;3;2;2;2;0;1;0;0;3;2;2;2;3
727;1;1;18;3;5;3;4;1;3;25;1;1;2;3;0;1;1;0;1;2;2;2;1
728;1;2;48;2;5;1;4;1;4;59;3;1;1;3;0;1;1;0;4;4;7;4;4
729;0;3;24;5;2;3;2;1;1;36;3;2;2;3;1;1;0;0;2;2;2;2;2
730;0;2;24;4;5;4;1;1;3;33;3;2;1;3;0;1;0;1;2;2;7;2;2
731;1;1;24;3;5;3;2;1;1;21;3;1;1;2;0;1;0;1;1;2;2;2;1
732;0;2;8;3;5;2;4;3;1;44;3;2;1;2;0;1;1;0;3;1;1;1;3
733;0;4;24;3;2;3;2;1;3;28;3;1;1;3;1;1;1;0;1;2;3;2;1
734;0;4;4;5;5;2;1;1;1;37;3;2;1;3;0;1;1;0;2;1;4;1;2
735;0;2;36;2;1;4;3;1;4;29;1;2;1;1;0;1;1;0;1;3;4;3;1
736;1;2;24;3;5;3;1;1;3;23;3;1;2;4;0;1;1;0;1;2;12;2;1
737;0;1;18;3;4;3;3;1;3;35;3;2;1;2;1;1;0;1;2;2;5;2;2
738;0;4;6;5;5;2;1;1;4;45;3;2;2;4;1;1;0;1;3;1;7;1;3
739;1;2;30;1;4;3;4;1;3;26;3;1;2;2;0;1;1;0;1;3;5;3;1
740;0;1;24;2;4;2;2;1;3;32;1;2;1;3;0;1;0;1;2;2;3;2;2
741;0;2;10;2;5;3;4;1;1;23;2;2;1;2;0;1;0;1;1;1;2;1;1
742;0;4;21;3;1;1;4;1;2;41;3;2;1;3;1;1;0;1;3;2;4;2;3
743;0;1;24;2;3;3;4;1;1;22;2;2;1;3;1;1;0;1;1;2;3;2;1
744;0;1;39;5;1;2;4;1;2;30;3;2;2;4;1;1;0;1;1;4;15;4;1
745;0;1;13;5;5;4;3;1;2;28;1;2;2;2;0;1;0;1;1;2;2;2;1
746;0;1;15;3;5;5;1;1;3;23;3;1;1;3;0;1;1;0;1;2;3;2;1
747;1;1;12;3;5;4;3;1;1;37;3;2;1;2;0;1;1;0;2;1;2;1;2
748;0;4;21;3;1;3;1;1;3;26;3;2;1;3;0;1;0;1;1;2;6;2;1
749;0;4;15;3;5;2;2;1;3;33;3;2;1;3;0;1;0;1;2;2;4;2;2
750;0;1;6;3;5;1;2;1;2;49;1;2;1;3;1;1;1;0;3;1;1;1;3
751;1;1;18;3;5;4;1;1;3;23;3;2;1;2;0;1;1;0;1;2;1;2;1
752;0;2;12;3;4;2;2;1;1;23;3;1;1;2;0;1;1;0;1;1;1;1;1
753;0;4;30;5;5;2;4;1;3;25;3;2;2;3;0;1;1;0;1;3;6;3;1
754;1;4;12;4;2;1;4;1;4;55;3;3;2;3;0;1;0;1;4;1;2;1;4
755;1;1;24;3;1;2;4;1;4;32;3;1;1;3;0;1;1;0;2;2;2;2;2
756;0;3;6;5;5;3;1;1;1;74;3;2;3;1;0;0;0;1;6;1;2;1;5
757;1;3;15;5;1;3;3;1;4;39;3;3;2;3;1;1;0;1;2;2;2;2;2
758;0;4;24;3;5;3;2;3;1;31;3;2;1;3;1;1;0;1;2;2;2;2;2
759;1;1;12;5;5;1;4;1;2;35;3;2;2;3;0;1;0;1;2;1;1;1;2
760;0;4;15;5;1;1;1;1;3;59;3;2;1;3;1;1;1;0;4;2;6;2;4
761;1;1;18;5;5;3;4;1;1;24;3;1;2;3;0;1;1;0;1;2;3;2;1
762;0;1;12;3;5;3;4;1;2;24;3;2;1;2;0;1;0;1;1;1;3;1;1
763;1;4;21;5;1;1;4;1;4;30;3;3;1;4;1;1;0;1;1;2;13;2;1
764;0;4;24;5;4;2;4;1;2;27;3;2;2;3;1;1;0;0;1;2;3;2;1
765;0;2;12;3;5;1;3;3;1;40;1;2;2;2;0;1;0;0;2;1;2;1;2
766;1;1;30;3;5;4;2;1;2;31;3;2;1;2;0;1;0;0;2;3;4;3;2
767;0;4;10;3;1;4;1;1;1;31;3;1;1;3;0;1;1;0;2;1;3;1;2
768;0;2;12;5;5;1;1;1;3;28;3;1;3;3;1;1;0;1;1;1;4;1;1
769;0;4;12;5;5;1;2;1;1;63;3;2;2;2;1;1;0;1;5;1;2;1;5
770;0;1;24;3;1;1;2;1;1;26;3;1;1;3;0;1;1;0;1;2;3;2;1
771;1;1;36;5;5;3;3;1;4;25;3;2;2;4;1;1;1;0;1;3;9;3;1
772;0;4;21;5;5;1;1;1;3;36;3;2;1;4;1;1;0;1;2;2;4;2;2
773;0;4;24;5;4;1;4;1;2;52;1;2;2;3;0;1;0;1;4;2;3;2;4
774;0;3;12;5;3;5;2;1;4;66;1;3;3;1;0;1;0;1;5;1;2;1;5
775;1;1;24;3;1;3;4;1;1;25;3;1;1;3;0;1;1;0;1;2;2;2;1
776;0;4;36;5;5;2;4;1;3;37;3;2;2;3;1;1;0;1;2;3;4;3;2
777;0;1;18;3;5;2;4;3;1;25;3;2;1;3;0;1;1;0;1;2;4;2;1
778;0;4;36;5;2;1;4;1;3;38;3;2;2;4;1;1;0;1;2;3;6;3;2
779;0;2;18;3;5;5;2;1;3;67;3;2;1;3;1;1;1;0;5;2;4;2;5
780;1;2;39;5;5;2;2;3;1;25;3;2;2;3;0;1;0;1;1;4;5;4;1
781;0;4;24;5;2;1;4;1;1;60;3;2;1;3;1;1;0;1;4;2;2;2;4
782;0;2;12;1;5;3;2;1;1;31;3;2;1;2;1;1;0;1;2;1;2;1;2
783;1;2;12;3;4;4;4;1;2;23;1;2;1;2;0;1;1;0;1;1;1;1;1
784;0;2;20;3;1;5;1;1;1;60;3;2;1;4;1;1;0;0;4;2;7;2;4
785;0;2;18;3;2;3;4;1;2;35;3;2;1;2;1;1;0;1;2;2;2;2;2
786;0;4;22;3;3;1;3;1;3;40;3;2;1;3;0;1;0;1;2;2;3;2;2
787;0;4;48;5;1;1;4;1;3;38;3;2;2;3;1;1;0;1;2;4;3;4;2
788;1;2;48;4;5;1;4;1;4;50;3;3;1;3;0;1;0;1;3;4;7;4;3
789;1;1;40;5;5;3;4;1;4;27;1;2;1;3;1;1;0;1;1;4;6;4;1
790;1;2;21;3;5;1;2;1;2;39;3;2;1;3;0;1;1;0;2;2;2;2;2
791;0;4;24;3;1;1;3;1;3;41;3;2;1;4;1;1;0;1;3;2;7;2;3
792;0;4;6;5;1;3;1;1;2;27;3;2;2;3;0;1;0;0;1;1;2;1;1
793;0;3;24;3;5;1;3;1;4;51;3;3;1;3;0;1;0;0;4;2;3;2;4
794;0;4;24;3;3;1;4;1;4;32;3;1;1;3;1;1;0;1;2;2;4;2;2
795;0;4;9;3;4;4;2;1;2;22;3;1;1;3;0;1;1;0;1;1;3;1;1
796;1;1;18;3;1;1;1;1;2;51;3;3;1;3;1;1;0;1;4;2;8;2;4
797;0;4;12;5;5;4;2;1;2;22;3;1;2;2;0;1;1;0;1;1;2;1;1
798;0;4;24;4;1;1;4;1;3;54;3;2;2;3;1;1;0;0;4;2;1;2;4
799;0;2;9;3;1;4;4;1;1;35;3;2;1;1;0;1;0;1;2;1;2;1;2
800;0;4;24;5;5;1;4;1;4;54;3;3;2;3;0;1;0;1;4;2;2;2;4
801;0;2;18;5;5;1;3;3;1;48;1;1;2;2;1;1;1;0;3;2;2;2;3
802;0;1;20;5;5;1;1;1;2;24;3;2;2;3;0;1;1;0;1;2;5;2;1
803;0;4;12;5;1;1;4;1;3;35;3;2;2;3;0;1;0;1;2;1;1;1;2
804;0;2;12;3;1;5;1;1;1;24;3;1;1;1;0;1;1;0;1;1;8;1;1
805;1;1;36;3;5;2;2;1;3;24;3;2;1;3;1;1;0;1;1;3;10;3;1
806;0;2;6;3;5;4;3;1;1;26;3;2;1;2;0;0;0;0;1;1;1;1;1
807;0;4;12;5;1;1;4;1;1;65;3;2;4;3;0;1;0;1;5;1;1;1;5
808;0;2;42;2;5;5;1;1;4;55;1;3;1;4;1;1;0;1;4;4;10;4;4
809;1;2;15;1;5;4;2;1;1;26;3;1;2;1;0;1;1;0;1;2;2;2;1
810;0;2;8;3;5;4;3;1;1;26;3;2;1;3;1;1;0;0;1;1;1;1;1
811;0;2;6;3;5;2;3;3;1;28;1;2;1;2;0;1;0;0;1;1;1;1;1
812;1;1;36;5;5;2;4;1;3;24;3;2;2;3;1;1;0;1;1;3;10;3;1
813;1;1;48;3;5;3;3;1;3;54;3;2;1;3;0;1;0;1;4;4;4;4;4
814;1;1;48;3;5;2;4;1;4;46;3;3;1;3;0;1;0;1;3;4;4;4;3
815;0;2;36;4;5;3;2;1;2;54;3;1;1;3;0;1;1;0;4;3;8;3;4
816;0;4;6;3;3;3;1;1;1;62;3;2;1;3;0;1;0;0;5;1;2;1;5
817;0;4;6;5;5;2;1;1;3;24;3;1;2;3;1;1;1;0;1;1;2;1;1
818;0;1;36;3;5;5;2;2;3;43;3;2;1;4;0;1;0;0;3;3;16;3;3
819;1;1;18;3;5;3;4;1;1;26;1;2;1;3;0;1;0;0;1;2;2;2;1
820;0;4;12;3;5;3;3;1;1;27;3;2;2;3;1;1;0;0;1;1;2;1;1
821;0;3;12;3;5;3;3;1;3;24;3;2;1;3;0;1;0;0;1;1;4;1;1
822;1;1;36;3;5;1;2;1;2;41;1;2;1;3;0;1;0;1;3;3;3;3;3
823;0;1;8;5;5;1;4;1;1;47;3;2;2;2;0;1;0;1;3;1;1;1;3
824;0;4;18;5;5;4;3;1;3;35;3;2;2;4;1;1;0;0;2;2;4;2;2
825;0;1;21;5;5;1;4;1;3;30;3;2;2;3;1;1;0;0;1;2;2;2;1
826;1;1;18;5;5;1;1;1;1;33;1;1;3;3;1;1;1;0;2;2;4;2;2
827;1;4;18;1;5;3;2;1;3;36;2;2;2;3;0;1;0;1;2;2;5;2;2
828;1;1;36;3;1;1;3;1;4;47;3;3;1;3;0;1;0;1;3;3;9;3;3
829;0;2;48;4;1;3;4;1;4;38;3;3;1;3;1;1;0;1;2;4;7;4;2
830;0;4;24;4;3;3;4;1;3;44;3;2;2;3;1;1;0;1;3;2;3;2;3
831;1;1;18;3;5;4;4;1;3;23;3;1;1;3;1;1;1;0;1;2;2;2;1
832;1;1;45;1;5;1;2;1;3;29;3;1;2;3;0;1;0;1;1;4;12;4;1
833;0;2;24;3;1;1;2;1;3;42;3;2;1;3;1;1;1;0;3;2;6;2;3
834;1;3;15;3;5;4;2;1;1;25;3;2;1;2;0;1;1;0;1;2;3;2;1
835;1;1;12;1;5;3;4;1;3;48;1;2;2;3;0;1;0;1;3;1;2;1;3
836;0;4;12;3;1;3;4;1;3;21;3;2;1;3;0;1;1;0;1;1;1;1;1
837;0;4;4;3;5;4;1;1;1;23;3;1;1;2;0;1;1;0;1;1;1;1;1
838;0;1;24;5;5;1;4;1;2;63;3;2;2;3;1;1;0;1;5;2;3;2;5
839;0;4;24;5;5;1;4;2;1;46;3;2;2;3;0;1;0;0;3;2;3;2;3
840;1;1;36;3;5;2;4;1;2;29;3;2;1;3;0;1;0;1;1;3;6;3;1
841;0;4;21;4;5;3;3;1;1;28;2;2;2;2;0;1;0;1;1;2;3;2;1
842;1;4;18;3;5;4;4;1;1;23;3;2;1;3;0;1;1;0;1;2;2;2;1
843;0;4;24;2;5;2;4;1;3;50;1;2;1;3;1;1;0;1;3;2;2;2;3
844;0;4;18;3;5;1;4;1;2;47;1;2;3;3;1;1;0;1;3;2;4;2;3
845;0;2;21;3;1;2;2;1;3;35;3;2;1;3;1;1;0;1;2;2;4;2;2
846;1;4;18;3;1;3;2;1;3;68;3;1;2;3;0;1;0;1;5;2;7;2;5
847;0;4;24;3;5;4;4;1;1;28;3;2;1;3;0;1;0;0;1;2;2;2;1
848;0;1;9;3;5;2;3;1;1;59;3;2;1;3;0;1;0;1;4;1;2;1;4
849;1;1;12;3;5;1;4;1;1;57;2;2;1;2;0;1;0;1;4;1;1;1;4
850;1;1;20;5;5;3;4;3;2;33;1;1;2;3;0;0;0;0;2;2;3;2;2
851;0;4;24;5;1;2;3;1;2;43;3;2;2;3;1;1;0;1;3;2;5;2;3
852;0;4;15;5;5;3;4;1;4;35;3;3;2;3;1;1;0;1;2;2;2;2;2
853;1;1;18;2;5;2;4;1;4;32;3;3;2;2;0;1;0;1;2;2;2;2;2
854;0;4;36;4;5;1;2;1;3;45;3;2;2;3;1;1;0;1;3;3;11;3;3
855;0;4;24;3;4;4;4;1;1;33;3;2;1;3;1;1;0;0;2;2;2;2;2
856;0;4;10;3;1;2;4;1;2;40;3;2;1;3;1;1;1;0;2;1;1;1;2
857;0;4;15;5;5;3;4;1;4;28;3;3;1;3;1;1;0;1;1;2;4;2;1
858;1;1;15;3;5;3;3;1;2;29;3;2;1;3;1;1;1;0;1;2;4;2;1
859;0;4;9;3;4;3;1;3;1;26;3;1;1;3;0;0;0;1;1;1;4;1;1
860;0;4;24;5;2;3;4;1;1;27;3;2;2;3;0;1;0;1;1;2;6;2;1
861;1;4;18;4;5;3;4;1;3;28;3;2;1;3;1;1;0;0;1;2;3;2;1
862;1;1;24;3;5;4;4;1;1;35;3;2;1;3;1;1;1;0;2;2;3;2;2
863;0;4;27;5;2;4;4;1;1;32;2;2;2;2;1;1;0;1;2;3;5;3;2
864;1;4;10;3;5;3;2;1;1;25;1;1;1;2;0;1;0;1;1;1;3;1;1
865;0;4;15;3;3;3;2;1;3;20;3;1;1;3;0;1;1;0;1;2;3;2;1
866;0;1;18;3;5;4;4;1;3;27;2;2;1;3;0;1;1;0;1;2;3;2;1
867;0;4;12;5;5;1;2;1;2;42;2;2;1;3;0;1;0;1;3;1;4;1;3
868;0;4;36;3;1;1;3;1;2;37;3;2;2;3;0;1;0;1;2;3;8;3;2
869;0;1;12;3;5;1;4;1;2;24;3;1;1;3;0;1;1;0;1;1;1;1;1
870;0;4;36;4;3;2;2;1;3;40;3;2;2;3;1;1;1;0;2;3;8;3;2
871;0;3;6;5;5;1;1;1;1;46;3;2;2;3;0;0;0;1;3;1;2;1;3
872;0;1;24;5;4;2;4;1;1;26;3;2;2;3;1;1;0;1;1;2;2;2;1
873;0;4;15;3;1;4;4;1;1;24;3;2;1;3;0;1;1;0;1;2;1;2;1
874;0;1;12;3;5;3;2;2;2;29;3;2;1;2;0;1;0;1;1;1;4;1;1
875;0;2;11;5;2;3;4;1;3;40;3;2;2;3;0;1;1;0;2;1;2;1;2
876;0;1;18;2;5;4;3;2;4;36;1;3;1;4;1;1;0;1;2;2;2;2;2
877;0;4;36;3;5;1;4;1;3;28;3;2;1;3;0;1;0;1;1;3;4;3;1
878;1;1;9;3;5;4;3;1;4;27;3;3;1;4;1;1;0;1;1;1;2;1;1
879;0;4;30;5;1;2;2;1;2;36;3;2;2;3;0;1;0;1;2;3;7;3;2
880;0;4;24;3;5;2;3;1;3;38;3;2;1;4;1;1;0;1;2;2;8;2;2
881;0;4;24;3;1;3;2;1;4;48;3;3;1;3;1;1;0;0;3;2;10;2;3
882;0;2;30;5;1;1;4;1;1;36;3;2;2;3;0;1;0;1;2;3;3;3;2
883;0;4;18;5;5;5;4;1;3;65;3;2;2;1;0;1;1;0;5;2;2;2;5
884;1;2;24;3;5;2;3;1;3;43;3;2;1;3;1;1;0;0;3;2;5;2;3
885;1;1;12;3;5;4;4;1;2;53;3;2;1;3;0;1;1;0;4;1;1;1;4
886;0;2;24;5;1;2;4;1;4;34;3;2;2;3;1;1;0;1;2;2;3;2;2
887;1;2;48;3;5;3;2;1;3;23;3;2;1;3;1;1;0;1;1;4;16;4;1
888;0;4;36;5;5;1;4;1;3;34;3;2;2;4;1;1;0;1;2;3;7;3;2
889;0;4;28;2;1;4;3;3;1;40;1;1;2;3;1;1;0;1;2;3;8;3;2
890;0;1;27;5;5;1;4;1;3;43;2;2;4;4;1;1;0;1;3;3;3;3;3
891;0;4;15;5;5;1;4;1;3;46;3;2;2;3;1;1;0;1;3;2;2;2;3
892;0;1;12;5;5;3;4;1;2;38;1;2;2;2;0;0;0;1;2;1;3;1;2
893;0;2;36;5;5;3;3;1;3;34;3;2;2;3;1;1;0;1;2;3;6;3;2
894;0;4;18;5;1;3;4;1;2;29;3;2;2;3;1;1;0;1;1;2;2;2;1
895;0;4;36;4;1;2;3;1;3;31;2;2;1;4;1;1;0;1;2;3;9;3;2
896;0;1;21;3;5;4;4;1;2;28;3;1;1;4;1;1;1;0;1;2;3;2;1
897;0;4;12;5;2;2;3;1;2;35;3;2;1;3;0;0;1;0;2;1;2;1;2
898;0;4;15;3;1;2;1;1;1;33;1;1;1;2;0;1;1;0;2;2;3;2;2
899;1;1;18;3;5;3;2;2;3;42;3;2;1;3;0;1;0;1;3;2;5;2;3
900;1;1;16;5;5;1;2;3;2;43;1;1;1;3;1;1;0;1;3;2;3;2;3
901;0;4;20;5;1;4;2;1;1;44;3;2;2;3;1;1;0;0;3;2;4;2;3
902;0;4;36;5;1;1;2;1;4;42;3;3;2;3;0;1;0;1;3;3;11;3;3
903;0;4;15;3;1;3;4;1;1;40;3;1;1;3;1;1;0;0;2;2;2;2;2
904;0;4;24;3;5;1;4;1;1;36;3;2;1;4;1;1;0;1;2;2;2;2;2
905;0;1;12;3;5;3;2;1;1;20;3;1;1;4;1;1;0;1;1;1;2;1;1
906;0;1;21;3;1;2;2;2;1;24;3;2;1;2;0;0;0;1;1;2;4;2;1
907;0;2;36;3;1;3;2;1;3;27;3;2;1;3;0;1;0;0;1;3;4;3;1
908;0;4;15;4;5;4;1;1;2;46;3;2;2;2;0;1;1;0;3;2;4;2;3
909;0;2;9;3;1;3;1;1;1;33;3;2;1;2;0;1;1;0;2;1;4;1;2
910;0;4;36;4;5;3;4;1;1;34;3;2;2;3;0;1;1;0;2;3;5;3;2
911;1;2;24;5;5;4;2;1;3;25;1;2;1;2;0;1;1;0;1;2;5;2;1
912;0;2;30;3;1;1;2;1;3;25;3;2;1;3;0;1;1;0;1;3;3;3;1
913;0;4;11;3;2;1;1;1;1;28;3;2;1;3;1;1;0;0;1;1;3;1;1
914;1;1;24;2;5;3;4;1;2;31;3;1;1;3;1;1;0;1;2;2;4;2;2
915;1;2;48;1;5;3;1;1;2;32;1;2;1;4;1;0;1;0;2;4;19;4;2
916;0;4;10;3;4;3;1;2;1;32;3;2;1;3;0;1;0;1;2;1;3;1;2
917;1;1;6;3;5;1;1;1;4;68;1;2;1;4;1;1;0;1;5;1;15;1;5
918;1;1;24;3;4;5;1;1;2;33;3;2;1;3;0;1;0;0;2;2;3;2;2
919;1;1;24;3;5;1;4;1;2;39;3;1;1;4;1;1;0;1;2;2;4;2;2
920;0;4;18;5;5;3;4;1;4;28;3;2;2;3;0;1;1;0;1;2;2;2;1
921;0;4;48;4;3;2;4;1;3;37;3;2;1;4;1;1;0;1;2;4;13;4;2
922;1;1;9;3;5;4;3;1;2;22;3;1;1;3;0;1;1;0;1;1;2;1;1
923;0;2;12;3;5;2;3;1;2;30;3;1;1;3;1;1;0;1;1;1;3;1;1
924;1;1;24;2;5;4;2;1;2;55;1;2;1;3;1;1;0;0;4;2;7;2;4
925;1;1;12;2;5;4;4;1;3;46;1;2;2;3;1;1;0;1;3;1;1;1;3
926;0;1;18;5;5;4;4;1;2;21;3;1;1;3;0;1;1;0;1;2;2;2;1
927;1;1;48;3;5;2;4;1;4;39;2;3;3;3;1;1;0;1;2;4;11;4;2
928;0;4;30;3;1;1;4;1;3;58;3;2;1;3;1;1;0;1;4;3;2;3;4
929;0;1;12;4;5;3;4;1;1;43;3;2;2;2;0;1;0;1;3;1;2;1;3
930;0;1;24;3;5;4;4;2;2;24;3;2;1;2;0;0;0;1;1;2;2;2;1
931;1;2;9;3;5;4;4;1;3;22;3;2;1;3;1;1;1;0;1;1;2;1;1
932;0;4;9;5;5;3;3;1;1;30;3;2;2;3;0;1;0;1;1;1;2;1;1
933;0;4;12;5;3;1;4;1;2;42;3;2;2;3;1;1;0;1;3;1;1;1;3
934;0;1;12;3;5;3;4;1;3;23;1;2;1;3;0;1;1;0;1;1;2;1;1
935;1;2;30;4;4;4;4;1;4;30;2;2;2;4;0;1;0;1;1;3;2;3;1
936;1;3;9;3;5;3;3;1;1;28;3;2;1;2;0;1;1;0;1;1;1;1;1
937;0;2;6;3;5;4;4;1;3;30;3;1;1;4;1;1;0;0;1;1;3;1;1
938;1;2;60;3;5;3;4;1;4;42;3;3;1;3;0;1;0;1;3;5;7;5;3
939;0;4;24;5;1;3;2;1;2;46;3;2;2;4;1;1;0;1;3;2;7;2;3
940;0;4;12;3;1;4;2;1;2;45;3;2;1;4;1;1;0;1;3;1;4;1;3
941;0;4;10;3;5;3;3;1;1;31;3;2;1;2;0;0;0;1;2;1;2;1;2
942;0;4;24;3;1;2;4;1;3;31;2;2;1;3;1;1;0;1;2;2;1;2;2
943;0;4;4;5;5;2;2;1;1;42;3;2;3;2;0;1;0;1;3;1;2;1;3
944;0;1;15;3;5;4;4;3;2;46;3;1;1;3;0;1;1;0;3;2;2;2;3
945;0;2;48;1;3;4;1;1;3;30;3;2;2;3;0;1;1;0;1;4;9;4;1
946;1;1;24;2;3;4;4;1;4;30;3;3;1;3;1;1;0;1;1;2;4;2;1
947;0;4;12;3;1;5;4;1;4;38;3;2;1;4;1;1;0;1;2;1;3;1;2
948;1;4;18;3;5;4;4;2;2;43;3;2;1;2;0;1;0;0;3;2;2;2;3
949;1;4;24;3;4;1;2;1;3;31;3;2;2;3;0;1;0;1;2;2;4;2;2
950;0;2;18;5;5;5;3;1;3;40;3;2;3;1;1;1;0;0;2;2;4;2;2
951;1;1;36;4;5;2;2;1;3;24;3;2;2;3;1;1;0;1;1;3;3;3;1
952;1;2;24;3;3;4;3;1;3;28;3;1;1;3;0;1;1;0;1;2;5;2;1
953;1;4;36;3;5;5;4;1;3;26;3;2;2;4;1;1;1;0;1;3;11;3;1
954;0;1;12;3;5;3;4;3;2;29;3;2;1;3;1;1;1;0;1;1;2;1;1
955;0;1;24;5;2;1;4;1;2;57;3;1;2;4;1;1;1;0;4;2;2;2;4
956;0;3;30;5;1;1;4;1;2;49;2;2;2;2;0;1;0;1;3;3;4;3;3
957;0;2;9;5;5;1;2;1;1;37;3;2;3;2;0;1;0;1;2;1;2;1;2
958;1;1;28;3;5;3;3;1;3;45;3;2;1;2;0;1;0;1;3;3;5;3;3
959;0;2;24;3;4;1;4;1;4;30;3;3;1;3;0;1;0;1;1;2;4;2;1
960;0;4;6;5;5;1;2;1;1;30;3;1;2;3;0;1;0;0;1;1;2;1;1
961;0;2;21;4;5;3;1;1;2;47;3;2;2;3;0;1;0;0;3;2;3;2;3
962;0;4;15;3;1;3;3;1;4;29;3;2;1;3;0;1;0;1;1;2;4;2;1
963;1;4;24;3;3;1;3;1;3;35;1;2;2;3;1;1;0;1;2;2;3;2;2
964;0;2;6;3;5;4;3;1;2;22;3;2;1;2;0;1;0;0;1;1;1;1;1
965;0;2;30;3;1;3;4;1;3;26;3;2;1;3;0;1;1;0;1;3;2;3;1
966;1;2;27;5;3;3;4;1;2;23;3;2;2;2;0;1;0;1;1;3;3;3;1
967;0;4;15;3;5;1;4;1;3;54;1;1;1;4;1;1;1;0;4;2;4;2;4
968;0;4;42;3;1;2;2;1;2;29;3;1;1;3;1;1;0;0;1;4;8;4;1
969;0;1;11;5;5;3;1;1;1;40;3;2;2;2;0;1;0;1;2;1;4;1;2
970;0;2;15;3;4;3;4;3;1;22;3;2;1;3;0;1;0;1;1;2;2;2;1
971;0;4;24;3;5;3;1;1;2;43;3;2;1;2;0;1;0;1;3;2;8;2;3
972;1;1;24;2;5;5;1;2;4;29;3;1;2;1;0;1;1;0;1;2;2;2;1
973;1;1;60;3;5;1;4;2;4;36;3;1;1;3;0;1;0;1;2;5;8;5;2
974;0;4;30;5;5;3;4;1;3;33;3;2;1;3;1;1;1;0;2;3;3;3;2
975;0;3;24;3;3;3;3;1;3;57;3;2;1;2;0;1;1;0;4;2;2;2;4
976;0;2;6;3;5;3;2;3;1;64;3;2;1;3;0;1;1;0;5;1;1;1;5
977;0;2;18;4;1;1;4;1;2;42;3;2;2;3;0;1;0;1;3;2;3;2;3
978;1;4;24;4;5;1;4;1;3;47;3;2;2;2;0;1;0;1;3;2;3;2;3
979;1;2;15;2;4;3;2;1;2;25;3;1;1;3;0;1;0;0;1;2;2;2;1
980;1;2;30;5;5;2;2;1;2;49;3;2;1;3;0;1;0;1;3;3;9;3;3
981;1;4;48;3;5;5;3;1;3;33;1;1;1;4;1;1;0;1;2;4;5;4;2
982;0;3;21;3;4;3;1;1;3;28;1;2;1;4;1;1;1;0;1;2;3;2;1
983;1;1;36;3;5;3;2;1;2;26;3;2;1;3;0;1;0;1;1;3;9;3;1
984;0;4;24;5;5;2;2;1;2;30;3;2;2;2;0;1;0;1;1;2;3;2;1
985;0;1;15;5;5;3;4;1;2;25;3;1;2;3;0;1;1;0;1;2;2;2;1
986;0;3;42;1;5;4;2;1;2;33;3;2;2;3;0;1;0;0;2;4;7;4;2
987;0;4;13;3;4;5;2;1;1;64;3;2;1;3;0;1;1;0;5;2;2;2;5
988;0;1;24;3;5;5;4;1;4;29;3;3;1;4;1;1;0;1;1;2;7;2;1
989;0;2;24;5;5;1;4;1;2;48;3;2;2;2;0;1;0;1;3;2;2;2;3
990;0;4;12;5;1;4;2;1;2;37;3;2;2;2;0;1;0;1;2;1;4;1;2
991;0;4;15;2;4;1;4;1;3;34;1;2;1;2;0;1;0;1;2;2;2;2;2
992;0;1;18;3;1;2;2;1;3;23;3;1;2;2;0;1;0;0;1;2;2;2;1
993;0;1;36;3;5;5;4;1;2;30;3;2;1;4;1;1;0;1;1;3;4;3;1
994;0;4;12;3;1;1;4;1;3;50;3;2;1;3;1;1;0;1;3;1;3;1;3
995;0;4;12;3;5;2;3;1;1;31;3;2;1;2;0;1;1;0;2;1;2;1;2
996;0;1;30;3;5;3;4;1;2;40;3;2;1;4;1;1;0;0;2;3;4;3;2
997;0;4;12;3;5;1;4;1;3;38;3;2;1;3;0;1;0;1;2;1;1;1;2
998;1;1;45;3;5;3;4;1;4;23;3;3;1;3;1;1;0;1;1;4;2;4;1
999;0;2;45;5;4;5;3;1;3;27;3;2;1;3;0;1;0;1;1;4;5;4;1
1000;1;2;10;2;4;2;2;1;3;47;2;2;1;2;0;1;0;0;3;1;1;1;3
1001;1;1;9;3;5;3;3;1;2;28;3;2;1;2;0;1;0;0;1;1;1;1;1
1002;1;1;24;4;5;4;2;1;2;25;1;2;1;2;0;1;1;0;1;2;4;2;1
1003;1;1;12;4;4;1;3;1;2;58;3;2;2;3;0;1;0;1;4;1;2;1;4
1004;1;1;48;4;5;1;4;1;4;47;3;3;1;3;0;1;0;1;3;4;7;4;3
1005;1;2;36;3;4;1;1;1;3;43;3;2;3;3;1;1;0;1;3;3;9;3;3
1006;1;4;21;1;1;2;1;1;2;29;1;2;1;3;1;1;0;0;1;2;6;2;1
1007;1;3;17;1;4;3;1;1;2;35;2;2;1;3;0;1;0;1;2;2;5;2;2
1008;1;1;39;3;5;4;4;1;3;34;3;2;1;3;0;1;0;0;2;3;3;3;2
1009;1;1;12;1;5;3;4;1;1;26;3;1;2;3;0;1;0;0;1;1;2;1;1
1010;1;1;24;3;4;4;3;1;2;22;3;1;1;3;0;1;0;0;1;2;3;2;1
1011;1;2;45;4;4;3;3;1;2;24;3;2;1;2;0;1;0;1;1;4;5;4;1
1012;1;2;36;5;5;3;4;1;2;23;2;1;2;2;1;1;1;0;1;3;7;3;1
1013;1;1;9;2;4;3;2;1;4;27;3;2;1;3;0;1;0;1;1;1;2;1;1
1014;1;2;36;4;5;3;2;1;3;26;3;2;2;3;0;1;0;0;1;3;9;3;1
1015;1;1;12;2;5;2;4;1;2;29;3;2;1;3;0;1;0;1;1;1;1;1;1
1016;1;1;34;4;4;2;1;1;3;23;3;2;2;3;0;1;0;0;1;3;3;3;1
1017;1;1;11;3;3;2;3;1;1;66;2;2;1;2;0;1;0;1;5;1;2;1;5
1018;1;3;18;3;5;3;4;1;1;43;3;2;1;2;0;1;0;0;3;2;2;2;3
1019;1;3;16;3;1;3;2;1;2;67;3;1;1;2;0;1;0;1;5;1;5;1;5
1020;1;1;8;3;5;3;3;1;1;22;3;1;1;3;0;1;1;0;1;1;2;1;1
1021;1;1;48;3;5;2;1;2;1;33;3;2;1;3;1;1;0;0;1;4;6;4;1
1022;1;2;18;5;5;1;1;1;1;32;1;1;2;3;0;1;0;0;2;2;3;2;2
1023;1;1;48;1;5;2;3;1;4;53;3;2;1;3;0;1;0;0;4;4;7;4;4
1024;1;2;51;3;4;2;3;1;2;24;3;2;1;3;0;1;0;0;1;4;7;4;1
1025;1;2;45;3;4;3;3;2;1;21;3;1;1;3;0;1;0;0;1;4;4;4;1
1026;1;1;48;1;4;1;3;1;3;24;3;2;1;3;0;1;0;1;1;4;5;4;1
1027;1;2;23;3;5;1;3;1;4;43;3;3;1;4;1;1;1;0;2;2;13;2;2
1028;1;1;24;3;5;4;3;1;2;26;2;2;1;2;0;1;1;0;1;2;4;2;1
1029;1;2;12;1;5;4;4;1;1;25;3;1;1;2;0;1;1;0;1;1;2;1;1
1030;1;1;30;2;4;2;4;1;1;23;3;1;1;2;0;1;1;0;1;3;3;3;1
1031;1;2;15;1;5;4;2;1;1;25;3;1;1;1;0;1;1;0;1;2;2;2;1
1032;1;3;36;5;5;3;3;1;1;25;2;2;2;3;1;1;1;0;1;3;8;3;1
1033;1;1;43;3;5;4;3;1;3;33;2;1;1;3;0;1;0;1;2;4;4;4;2
1034;1;2;6;2;4;4;1;1;2;32;2;2;1;2;0;1;1;0;2;1;2;1;2
1035;1;1;15;1;5;4;1;1;1;26;3;1;1;1;0;1;1;0;1;2;2;2;1
1036;1;1;25;1;5;4;2;1;2;52;1;2;1;3;1;1;0;0;3;2;6;2;3
1037;1;1;22;4;5;4;2;1;2;25;2;2;1;2;0;1;0;0;1;2;4;2;1
1038;1;1;24;2;2;1;4;1;3;39;1;2;1;3;0;1;0;1;2;2;1;2;2
1039;1;1;24;3;4;4;3;1;2;27;3;1;1;3;0;1;1;0;1;2;4;2;1
1040;1;1;27;1;5;4;2;1;2;48;2;2;1;2;0;1;0;1;3;3;5;3;3
1041;1;1;24;3;5;2;2;2;2;30;2;2;1;3;1;1;0;1;1;2;6;2;1
1042;1;2;36;3;4;1;1;1;3;43;3;2;2;3;1;1;0;1;3;3;10;3;3
1043;1;1;36;2;5;1;4;1;3;31;1;1;1;2;0;1;0;1;2;3;3;3;2
1044;1;2;12;3;1;1;1;1;2;25;1;2;1;3;0;1;1;0;1;1;2;1;1
1045;1;1;18;3;5;3;1;1;1;20;1;1;1;3;0;1;1;0;1;2;2;2;1
1046;1;3;36;3;5;4;3;1;3;26;3;1;1;4;1;1;0;0;1;3;10;3;1
1047;1;3;36;4;5;3;4;1;3;26;3;2;2;3;0;1;0;0;1;3;4;3;1
1048;1;1;24;2;3;3;4;1;3;30;3;2;1;2;0;1;0;0;1;2;3;2;1
1049;1;1;34;4;3;2;1;1;3;23;3;2;2;3;0;1;0;0;1;3;4;3;1
1050;1;1;9;3;5;3;1;1;3;28;3;2;1;3;0;0;0;0;1;1;1;1;1
1051;1;1;15;3;4;3;2;1;2;28;3;1;1;3;1;1;1;0;1;2;3;2;1
1052;1;1;24;3;5;2;4;1;1;44;3;2;1;3;0;1;0;1;3;2;2;2;3
1053;1;2;48;5;4;1;3;1;4;45;2;3;1;3;0;1;0;1;3;4;8;4;3
1054;1;1;18;3;2;3;4;1;1;26;2;1;1;3;0;1;0;0;1;2;2;2;1
1055;1;1;17;1;5;4;1;1;1;26;3;1;1;2;0;1;1;0;1;2;3;2;1
1056;1;2;10;2;4;1;1;1;3;47;2;2;1;2;0;1;0;0;3;1;1;1;3
1057;1;1;48;3;5;2;3;1;1;27;3;1;1;3;0;1;0;0;1;4;4;4;1
1058;1;1;48;3;5;2;3;1;3;52;3;2;1;3;0;1;0;1;3;4;4;4;3
1059;1;1;48;2;5;3;3;1;3;53;3;2;1;3;0;1;0;1;4;4;4;4;4
1060;1;3;36;3;5;4;1;1;3;28;3;1;1;3;0;1;0;0;1;3;10;3;1
1061;1;1;48;2;4;2;3;1;3;31;3;2;1;2;0;1;0;0;2;4;6;4;2
1062;1;1;36;3;5;2;4;1;2;29;3;1;1;3;0;1;0;0;1;3;4;3;1
1063;1;1;11;2;5;3;3;1;4;28;3;3;1;3;0;1;0;0;1;1;2;1;1
1064;1;2;9;3;5;4;3;1;3;20;3;1;1;3;0;1;1;0;1;1;2;1;1
1065;1;1;30;3;2;2;3;1;2;31;3;2;1;2;0;1;0;0;2;3;5;3;2
1066;1;4;12;3;5;2;4;1;3;41;1;2;1;2;0;1;0;1;3;1;1;1;3
1067;1;1;48;1;5;3;3;1;3;53;3;2;1;3;0;1;0;1;4;4;7;4;4
1068;1;2;24;2;3;3;2;1;2;54;1;2;1;3;1;1;0;0;4;2;6;2;4
1069;1;4;11;3;2;3;2;1;2;26;3;2;1;2;0;1;0;0;1;1;2;1;1
1070;1;1;12;2;5;2;2;1;1;46;2;1;2;3;0;1;0;0;3;1;1;1;3
1071;1;1;36;2;5;1;3;1;2;30;1;2;1;3;0;1;0;0;1;3;3;3;1
1072;1;1;12;2;5;4;4;1;2;50;2;2;1;3;0;1;0;0;3;1;1;1;3
1073;1;2;18;3;5;4;2;1;3;38;3;2;1;4;1;1;0;0;2;2;12;2;2
1074;1;3;48;3;5;3;3;1;2;30;1;1;1;3;0;1;0;1;1;4;4;4;1
1075;1;3;18;1;5;3;2;1;2;36;2;2;1;3;0;1;0;1;2;2;4;2;2
1076;1;2;9;2;4;2;1;1;3;29;3;2;1;3;0;0;0;0;1;1;1;1;1
1077;1;2;10;3;4;1;1;1;3;48;3;2;1;2;0;1;1;0;3;1;1;1;3
1078;1;3;25;3;5;3;3;1;1;20;3;1;1;2;0;1;1;0;1;2;3;2;1
1079;1;1;48;1;5;1;2;1;3;23;3;2;1;3;0;1;0;0;1;4;5;4;1
1080;1;2;57;1;4;2;3;1;4;59;1;2;1;3;1;1;0;0;4;5;15;5;4
1081;1;1;48;2;5;1;3;1;3;56;3;1;1;3;0;1;0;0;4;4;5;4;4
1082;1;3;36;3;5;3;4;1;2;25;2;2;1;3;0;1;0;0;1;3;5;3;1
1083;1;1;10;2;5;4;4;1;2;46;1;2;1;3;1;1;0;1;3;1;1;1;3
1084;1;1;16;3;1;3;4;1;2;25;3;1;1;3;0;1;1;0;1;2;2;2;1
1085;1;1;10;3;4;4;3;1;2;22;3;1;1;3;0;1;1;0;1;1;1;1;1
1086;1;1;48;1;5;1;2;1;3;23;3;2;1;3;0;1;0;0;1;4;5;4;1
1087;1;1;14;3;2;2;3;1;1;59;2;2;1;2;0;1;0;0;4;1;1;1;4
1088;1;3;18;3;5;3;3;1;1;35;2;2;1;2;0;1;0;1;2;2;3;2;2
1089;1;1;14;3;1;3;4;1;3;23;3;1;1;3;0;1;0;0;1;1;1;1;1
1090;1;1;18;3;5;3;3;1;3;22;3;1;1;3;0;1;0;0;1;2;2;2;1
1091;1;1;25;3;5;1;4;1;2;37;3;1;1;3;1;1;0;1;2;2;4;2;2
1092;1;1;45;3;4;3;4;1;3;22;3;2;1;3;0;1;0;1;1;4;2;4;1
1093;1;1;12;3;5;3;2;1;1;36;3;2;1;2;0;1;0;0;2;1;2;1;2
1094;1;3;12;4;3;2;4;1;1;28;3;1;2;2;0;1;0;0;1;1;1;1;1
1095;1;1;10;3;5;1;1;1;1;45;3;1;1;3;0;1;0;0;3;1;2;1;3
1096;1;2;9;2;4;2;2;1;3;29;3;2;1;3;0;1;0;0;1;1;1;1;1
1097;1;1;18;4;5;3;4;1;1;24;2;1;1;3;0;1;0;0;1;2;2;2;1
1098;1;1;41;3;1;2;4;1;3;29;2;2;1;3;1;1;0;0;1;4;7;4;1
1099;1;2;30;2;4;3;4;1;3;26;3;1;2;2;0;1;0;0;1;3;5;3;1
1100;1;1;14;4;5;1;1;2;1;44;1;1;1;3;0;1;0;0;3;1;2;1;3
1101;1;2;36;3;2;1;1;1;3;39;3;2;2;3;1;1;0;1;2;3;10;3;2
1102;1;1;24;3;4;1;2;1;2;31;3;2;1;3;0;1;0;1;2;2;4;2;2
1103;1;2;6;2;4;3;1;1;2;31;2;2;1;2;0;1;1;0;1;1;1;1;1
1104;1;3;47;3;5;4;3;1;3;33;1;1;1;3;0;1;0;1;2;4;4;4;2
1105;1;1;18;3;4;4;4;1;2;33;3;2;1;3;0;1;1;0;2;2;2;2;2
1106;1;1;48;3;5;3;2;1;3;30;3;2;1;3;1;1;1;0;1;4;6;4;1
1107;1;2;24;3;5;4;3;1;2;24;2;2;1;2;0;1;0;0;1;2;2;2;1
1108;1;1;12;3;5;3;3;1;2;24;3;1;1;2;0;1;1;0;1;1;2;1;1
1109;1;2;14;3;5;1;4;1;2;37;3;2;1;2;0;1;0;1;2;1;1;1;2
1110;1;2;13;4;2;3;3;1;3;39;3;2;1;2;0;1;0;1;2;1;1;1;2
1111;1;1;12;3;5;3;3;1;1;37;3;2;1;2;0;1;0;0;2;1;2;1;2
1112;1;1;42;4;5;2;3;1;2;25;1;2;2;2;0;1;0;1;1;4;5;4;1
1113;1;1;9;4;5;1;2;1;3;34;3;2;1;3;0;1;0;0;2;1;2;1;2
1114;1;1;17;3;4;3;2;1;2;41;3;2;1;3;0;1;0;1;2;2;5;2;2
1115;1;1;26;4;5;1;4;1;2;62;3;2;1;2;0;1;0;1;4;2;2;2;4
1116;1;1;34;4;3;2;1;1;3;23;3;2;2;3;0;1;0;0;1;3;4;3;1
1117;1;1;12;3;5;2;4;1;1;54;2;2;1;2;0;1;0;0;4;1;1;1;4
1118;1;1;28;4;3;2;4;1;1;23;3;1;1;2;0;1;0;0;1;3;3;3;1
1119;1;4;36;4;5;3;4;1;1;25;2;2;2;3;1;1;1;0;1;3;9;3;1
1120;1;2;9;2;4;2;2;1;2;28;3;2;1;2;0;1;0;0;1;1;1;1;1
1121;1;3;36;3;1;3;4;1;3;26;3;1;1;3;0;1;0;1;1;3;7;3;1
1122;1;1;36;3;5;4;4;1;3;33;3;1;1;2;0;1;0;0;2;3;2;3;2
1123;1;3;18;5;5;3;2;1;1;31;1;2;2;2;0;1;0;1;2;2;2;2;2
1124;1;2;36;2;5;1;4;1;4;59;2;3;1;3;1;1;0;1;4;3;2;3;4
1125;1;1;24;3;5;4;4;1;3;29;2;1;1;3;0;1;0;0;1;2;2;2;1
1126;1;1;12;2;5;3;4;1;1;24;1;2;1;2;0;1;1;0;1;1;1;1;1
1127;1;1;24;2;5;4;4;1;2;30;2;1;1;3;0;1;0;1;1;2;2;2;1
1128;1;1;48;1;4;2;3;1;3;33;3;2;1;2;0;1;0;0;2;4;4;4;2
1129;1;1;12;4;5;1;4;1;2;35;3;2;1;2;0;1;0;1;2;1;1;1;2
1130;1;3;36;3;5;2;3;1;3;37;1;2;1;3;0;1;0;1;2;3;2;3;2
1131;1;1;41;4;5;2;2;1;1;25;1;2;2;3;0;1;0;1;1;4;5;4;1
1132;1;3;48;4;3;2;2;1;4;42;1;3;1;3;0;1;0;1;2;4;11;4;2
1133;1;3;12;4;5;4;4;1;3;42;1;2;2;3;1;1;0;1;3;1;2;1;3
1134;1;1;16;4;5;1;2;2;2;42;1;1;1;3;1;1;0;0;2;2;3;2;2
1135;1;1;48;1;4;1;3;1;3;24;3;2;1;3;0;1;0;1;1;4;5;4;1
1136;1;4;36;3;5;3;4;1;3;26;3;2;1;4;1;1;0;0;1;3;4;3;1
1137;1;2;9;2;4;2;1;1;3;29;3;2;1;3;0;0;0;0;1;1;1;1;1
1138;1;1;30;3;4;4;3;1;3;30;2;2;1;3;0;1;0;0;1;3;2;3;1
1139;1;3;9;3;5;3;2;1;1;24;1;1;1;2;0;1;0;0;1;1;2;1;1
1140;1;1;45;4;5;3;4;1;2;24;3;2;1;2;0;1;0;1;1;4;4;4;1
1141;1;3;18;5;5;2;2;1;2;31;1;2;1;3;0;1;0;0;2;2;2;2;2
1142;1;1;24;4;5;4;4;1;1;45;2;2;1;3;0;1;0;0;3;2;2;2;3
1143;1;1;24;3;5;4;3;1;1;23;3;1;1;2;1;1;1;0;1;2;3;2;1
1144;1;1;48;4;5;1;4;1;4;54;2;3;1;2;0;1;0;0;3;4;7;4;3
1145;1;2;36;1;4;1;4;1;4;55;3;3;1;3;0;1;0;0;4;3;2;3;4
1146;1;1;24;4;5;3;3;1;1;49;2;2;1;3;0;1;0;0;3;2;2;2;3
1147;1;3;18;5;5;1;1;1;1;31;1;1;2;3;0;1;0;0;2;2;3;2;2
1148;1;2;36;3;5;4;1;1;3;28;3;1;1;3;0;1;0;0;1;3;10;3;1
1149;1;1;18;3;5;3;2;1;1;24;2;1;1;3;0;1;1;0;1;2;3;2;1
1150;1;1;18;3;5;3;3;1;3;22;3;1;1;3;0;1;0;0;1;2;2;2;1
1151;1;1;18;4;5;3;4;1;1;24;2;1;1;3;0;1;0;0;1;2;2;2;1
1152;1;2;12;4;3;2;4;1;1;27;3;2;2;3;0;1;0;0;1;1;1;1;1
1153;1;2;24;3;5;3;1;1;3;24;2;1;2;3;0;1;0;0;1;2;11;2;1
1154;1;1;24;1;5;1;3;1;3;23;1;1;1;2;0;1;0;1;1;2;3;2;1
1155;1;2;24;3;4;4;1;1;2;22;3;1;1;3;1;1;0;0;1;2;3;2;1
1156;1;4;36;5;5;3;3;1;1;24;2;1;2;3;1;1;1;0;1;3;8;3;1
1157;1;2;15;2;4;3;2;1;3;28;3;1;2;3;0;1;1;0;1;2;3;2;1
1158;1;4;24;3;3;1;2;1;3;31;2;2;2;3;0;1;0;1;2;2;3;2;2
1159;1;3;21;4;3;4;4;1;1;41;1;2;1;2;0;1;0;1;3;2;2;2;3
1160;1;1;12;3;5;1;4;1;1;56;2;2;1;2;0;1;0;0;4;1;1;1;4
1161;1;3;18;5;5;1;1;1;1;31;1;1;2;3;0;1;0;0;2;2;3;2;2
1162;1;1;24;2;5;4;2;1;2;27;3;1;1;2;0;1;1;0;1;2;3;2;1
1163;1;1;15;2;2;3;2;1;2;24;3;1;1;3;0;1;0;0;1;2;2;2;1
1164;1;2;12;3;1;1;1;1;1;25;1;2;1;3;1;1;0;0;1;1;2;1;1
1165;1;2;9;3;5;3;1;1;2;28;3;2;1;2;0;0;1;0;1;1;1;1;1
1166;1;2;55;1;4;3;3;1;4;58;2;1;1;3;1;1;0;0;4;5;15;5;4
1167;1;2;12;3;5;4;2;1;2;24;3;1;1;3;0;1;0;0;1;1;2;1;1
1168;1;1;12;3;5;3;3;1;2;38;3;1;1;2;0;1;0;0;2;1;1;1;2
1169;1;1;30;3;1;1;3;1;2;31;3;2;1;2;0;1;0;0;2;3;6;3;2
1170;1;4;17;1;4;3;2;1;2;36;2;2;1;3;0;1;0;1;2;2;5;2;2
1171;1;1;24;3;5;1;4;1;1;31;3;1;1;3;1;1;0;0;2;2;2;2;2
1172;1;2;48;3;5;3;1;1;3;26;3;2;1;3;1;1;1;0;1;4;9;4;1
1173;1;1;24;3;4;3;4;1;1;35;3;2;1;3;0;1;1;0;2;2;2;2;2
1174;1;1;24;2;4;3;2;1;2;54;1;2;1;3;1;1;0;0;4;2;6;2;4
1175;1;1;30;1;4;3;3;1;2;26;3;1;1;2;0;1;0;0;1;3;4;3;1
1176;1;1;16;1;5;4;1;1;1;26;3;1;1;1;0;1;1;0;1;2;2;2;1
1177;1;3;12;4;5;4;4;1;3;41;2;1;1;3;0;1;0;1;2;1;2;1;2
1178;1;4;48;3;1;3;3;1;1;37;1;1;1;3;0;1;0;0;2;4;4;4;2
1179;1;2;9;5;3;1;2;1;3;33;3;2;2;3;0;1;0;0;2;1;2;1;2
1180;1;2;24;5;1;2;4;1;1;37;1;2;2;2;0;1;0;1;2;2;2;2;2
1181;1;1;29;3;4;2;4;1;1;23;3;1;1;2;0;1;0;0;1;3;3;3;1
1182;1;2;36;5;5;3;4;1;2;23;2;1;2;2;1;1;1;0;1;3;7;3;1
1183;1;4;36;4;4;3;4;1;1;25;2;1;2;3;1;1;0;0;1;3;8;3;1
1184;1;3;18;4;3;3;4;1;1;30;3;2;1;3;0;1;1;0;1;2;2;2;1
1185;1;1;37;4;5;2;2;1;2;24;3;2;2;3;0;1;0;1;1;3;3;3;1
1186;1;1;36;2;2;1;4;1;3;40;3;2;1;3;1;1;0;0;2;3;2;3;2
1187;1;2;48;3;4;2;2;1;2;24;2;1;1;2;0;1;0;0;1;4;8;4;1
1188;1;3;36;3;5;3;3;1;2;28;2;2;1;4;1;1;0;0;1;3;4;3;1
1189;1;3;12;4;5;4;4;1;3;41;2;1;1;3;0;1;0;1;2;1;2;1;2
1190;1;1;24;2;5;3;4;1;2;30;3;1;1;2;1;1;0;0;1;2;3;2;1
1191;1;1;24;3;5;4;4;1;2;31;2;2;1;3;0;1;0;0;1;2;2;2;1
1192;1;1;48;3;5;1;3;1;3;50;3;2;1;3;0;1;0;1;3;4;6;4;3
1193;1;2;24;5;2;2;4;1;2;37;1;2;2;2;0;1;0;1;2;2;2;2;2
1194;1;2;18;3;5;1;3;1;4;39;2;2;1;4;1;1;0;0;2;2;5;2;2
1195;1;3;18;5;5;3;2;1;1;31;1;2;2;2;0;1;0;1;2;2;2;2;2
1196;1;1;24;2;5;3;4;1;2;31;3;1;1;3;0;1;0;0;2;2;3;2;2
1197;1;1;24;3;5;2;2;1;2;31;3;2;1;3;0;1;0;0;2;2;3;2;2
1198;1;1;46;1;4;2;4;1;3;34;3;2;1;2;0;1;0;1;2;4;4;4;2
1199;1;1;18;3;5;3;2;1;1;23;3;1;1;3;0;1;1;0;1;2;3;2;1
1200;1;1;24;3;4;5;1;1;2;33;3;2;1;3;0;1;0;0;2;2;3;2;2
1201;1;1;24;3;5;4;3;1;2;24;3;1;1;2;0;1;1;0;1;2;2;2;1
1202;1;1;36;2;5;1;4;1;2;30;1;2;1;3;0;1;0;1;1;3;3;3;1
1203;1;1;18;2;5;3;3;1;3;43;1;2;1;3;0;1;0;1;3;2;2;2;3
1204;1;3;12;2;3;3;2;1;1;26;3;2;1;2;0;1;1;0;1;1;1;1;1
1205;1;1;24;3;5;3;2;1;1;20;3;1;1;2;0;1;0;0;1;2;2;2;1
1206;1;2;36;3;5;3;4;1;3;35;2;2;1;3;1;1;0;0;2;3;2;3;2
1207;1;1;36;3;2;1;3;1;4;48;3;3;1;3;0;1;0;0;3;3;6;3;3
1208;1;1;11;1;4;3;3;1;2;27;3;1;1;2;1;1;0;1;1;1;7;1;1
1209;1;1;12;3;5;2;4;1;2;36;3;2;1;2;0;1;0;1;2;1;1;1;2
1210;1;2;9;3;5;3;3;1;2;22;3;1;1;3;0;1;0;0;1;1;2;1;1
1211;1;2;18;3;2;3;3;1;1;33;3;2;1;2;0;1;0;0;2;2;2;2;2
1212;1;1;10;3;5;3;4;1;3;29;3;2;1;2;0;1;0;1;1;1;1;1;1
1213;1;1;48;3;5;2;3;1;3;48;3;2;1;3;0;1;0;1;3;4;4;4;3
1214;1;1;12;3;5;3;4;1;2;37;3;1;1;2;0;1;0;1;2;1;1;1;2
1215;1;1;24;3;1;3;1;1;2;20;3;2;1;3;0;1;0;0;1;2;3;2;1
1216;1;2;48;3;5;1;4;1;4;50;3;2;1;3;0;1;0;0;3;4;7;4;3
1217;1;2;24;3;4;3;3;1;2;20;3;1;1;2;1;1;0;0;1;2;3;2;1
1218;1;1;24;2;3;3;4;1;3;30;3;2;1;3;1;1;0;1;1;2;4;2;1
1219;1;1;19;5;5;2;2;2;1;33;1;1;2;3;0;0;0;0;2;2;3;2;2
1220;1;1;18;3;4;3;3;1;3;65;3;2;2;3;0;1;0;1;5;2;3;2;5
1221;1;1;24;2;4;4;4;1;3;30;2;2;1;3;0;1;0;1;1;2;2;2;1
1222;1;2;57;3;4;2;2;1;2;24;3;2;1;3;0;1;0;0;1;4;6;4;1
1223;1;1;24;2;3;3;3;1;3;27;2;1;1;3;0;1;0;0;1;2;4;2;1
1224;1;2;15;2;4;3;2;1;2;27;3;1;1;3;0;1;0;0;1;2;2;2;1
1225;1;1;27;2;5;3;2;1;2;47;2;2;1;2;0;1;0;1;3;3;5;3;3
1226;1;1;9;3;5;3;2;1;3;27;3;2;1;3;0;0;0;0;1;1;1;1;1
1227;1;1;12;2;5;4;4;1;2;51;2;2;1;3;0;1;0;0;3;1;1;1;3
1228;1;1;24;3;5;3;2;1;1;20;3;1;1;2;0;1;0;0;1;2;2;2;1
1229;1;2;25;1;5;1;2;1;3;42;3;2;1;3;1;1;0;0;3;2;7;2;3
1230;1;1;36;1;5;2;3;1;2;41;2;2;1;3;0;1;0;0;3;3;3;3;3
1231;1;1;48;2;5;3;3;1;3;53;3;2;1;3;0;1;0;1;4;4;5;4;4
1232;1;1;18;4;5;4;2;1;1;31;3;2;1;2;0;1;0;0;2;2;2;2;2
1233;1;1;12;3;5;2;4;1;1;55;2;2;1;2;0;1;0;0;4;1;1;1;4
1234;1;2;67;3;4;2;2;1;2;24;3;2;1;3;0;1;0;0;1;5;6;4;1
1235;1;1;24;3;1;3;4;1;1;24;3;1;1;3;0;1;1;0;1;2;2;2;1
1236;1;2;18;4;5;3;3;1;2;33;3;2;1;2;0;1;0;0;2;2;2;2;2
1237;1;1;12;3;5;3;3;1;1;37;3;1;1;2;0;1;0;0;2;1;1;1;2
1238;1;1;24;3;5;4;3;1;1;34;3;2;1;3;1;1;1;0;2;2;3;2;2
1239;1;1;12;2;5;3;4;1;3;29;3;2;1;3;0;1;0;0;1;1;1;1;1
1240;1;2;24;3;5;4;2;1;3;25;2;2;1;2;0;1;1;0;1;2;2;2;1
1241;1;1;50;1;4;2;3;1;4;54;2;3;2;3;0;1;0;0;4;4;9;4;4
1242;1;2;49;3;4;3;2;1;1;22;3;2;1;3;0;1;1;0;1;4;6;4;1
1243;1;1;18;3;5;4;4;1;3;24;3;1;1;1;0;1;0;0;1;2;2;2;1
1244;1;4;36;3;2;4;4;1;3;26;3;1;2;3;1;1;0;0;1;3;9;3;1
1245;1;3;36;3;5;4;1;1;3;28;3;1;1;3;0;1;0;0;1;3;10;3;1
1246;1;2;8;3;5;3;3;1;2;22;3;2;1;3;0;1;1;0;1;1;2;1;1
1247;1;2;36;3;4;1;4;1;4;55;1;3;1;3;0;1;0;0;3;3;3;3;3
1248;1;1;36;5;5;2;4;1;2;24;2;2;2;3;1;1;0;0;1;3;9;3;1
1249;1;2;12;5;3;2;3;1;1;28;3;2;2;3;0;1;0;0;1;1;1;1;1
1250;1;1;24;2;5;2;2;1;3;26;1;2;1;2;0;1;0;0;1;2;4;2;1
1251;1;3;29;1;2;5;3;1;1;52;1;2;1;3;1;1;0;0;3;3;7;3;3
1252;1;1;48;2;5;1;2;2;3;38;2;1;1;3;0;1;0;0;2;4;8;4;2
1253;1;3;24;3;4;1;2;1;3;31;3;2;1;2;0;1;0;0;2;2;3;2;2
1254;1;2;12;3;5;2;4;1;3;40;2;1;1;2;0;1;0;1;2;1;1;1;2
1255;1;1;48;3;5;2;3;1;2;30;3;2;1;3;0;1;0;0;1;4;6;4;1
1256;1;2;9;2;5;3;4;1;2;30;3;2;1;3;0;1;0;0;1;1;1;1;1
1257;1;2;14;3;5;1;4;1;3;37;2;2;1;2;0;1;0;1;2;1;1;1;2
1258;1;1;24;3;1;1;4;1;3;29;1;1;1;2;0;1;1;0;1;2;1;2;1
1259;1;1;24;3;1;2;4;1;1;26;2;1;1;3;0;1;1;0;1;2;1;2;1
1260;1;2;13;3;5;2;4;1;2;37;3;2;1;2;0;1;0;1;2;1;1;1;2
1261;1;2;8;4;5;1;1;1;2;33;3;2;1;3;0;1;1;0;2;1;2;1;2
1262;1;2;12;3;4;3;3;1;2;37;3;2;1;2;0;1;0;1;2;1;2;1;2
1263;1;1;18;2;2;2;4;1;2;32;3;2;1;2;0;1;0;0;2;2;2;2;2
1264;1;2;14;3;5;1;4;1;3;37;2;2;1;2;0;1;0;1;2;1;1;1;2
1265;1;1;12;3;4;4;4;1;2;21;3;2;1;3;0;1;0;0;1;1;1;1;1
1266;1;3;12;4;3;2;4;1;1;28;3;1;2;2;0;1;0;0;1;1;1;1;1
1267;1;3;18;5;5;1;2;1;1;30;1;2;2;3;0;1;0;1;1;2;2;2;1
1268;1;2;28;3;3;3;2;1;2;21;3;1;1;2;0;1;0;0;1;3;3;3;1
1269;1;1;12;3;5;1;3;1;3;34;3;2;1;2;0;1;0;1;2;1;3;1;2
1270;1;1;12;3;1;3;3;1;2;23;3;2;1;3;0;1;0;0;1;1;1;1;1
1271;1;1;30;3;1;1;4;1;2;30;2;2;1;3;0;1;0;1;1;3;6;3;1
1272;1;2;18;5;5;1;3;1;2;35;1;2;1;3;0;1;0;1;2;2;1;2;2
1273;1;1;48;3;5;1;4;1;4;49;3;3;1;3;0;1;0;1;3;4;6;4;3
1274;1;1;30;3;4;4;2;1;2;30;2;2;1;2;0;1;0;0;1;3;3;3;1
1275;1;1;42;3;3;3;4;1;3;32;3;2;1;3;0;1;0;0;1;4;5;4;1
1276;1;1;24;2;5;3;3;1;1;23;2;1;1;2;0;1;0;0;1;2;4;2;1
1277;1;1;24;3;4;2;3;1;3;22;3;1;1;3;0;1;0;0;1;2;2;2;1
1278;1;1;24;3;5;2;4;1;2;23;2;1;1;2;0;1;0;0;1;2;2;2;1
1279;1;1;36;3;2;1;2;1;3;44;3;2;2;3;0;1;0;1;3;3;9;3;3
1280;1;1;30;4;4;4;4;1;2;28;3;2;1;3;0;1;0;0;1;3;6;3;1
1281;1;1;36;3;1;1;3;1;4;47;3;3;1;3;0;1;0;0;3;3;7;3;3
1282;1;2;9;3;5;3;3;1;1;28;3;2;1;2;0;1;1;0;1;1;1;1;1
1283;1;1;60;2;4;1;3;1;4;60;1;2;2;3;1;1;0;0;4;5;13;5;4
1284;1;1;31;3;4;2;2;1;1;23;3;1;1;3;0;1;1;0;1;3;3;3;1
1285;1;3;24;3;5;3;2;1;3;27;1;2;1;3;0;1;0;1;1;2;7;2;1
1286;1;1;27;1;5;4;2;1;2;49;2;2;1;2;0;1;0;1;3;3;5;3;3
1287;1;2;9;2;4;2;2;1;2;28;3;2;1;2;0;1;0;0;1;1;1;1;1
1288;1;2;36;3;4;2;1;1;3;45;3;2;1;3;1;1;0;1;3;3;11;3;3
1289;1;1;36;3;5;2;2;1;2;24;3;2;1;3;0;1;0;1;1;3;9;3;1
1290;1;1;10;2;5;3;3;1;4;28;3;3;1;3;0;1;0;0;1;1;2;1;1
1291;1;4;36;3;5;4;4;1;2;25;2;2;2;3;1;1;1;0;1;3;9;3;1
1292;1;2;12;2;5;3;4;1;1;25;2;2;1;1;0;1;1;0;1;1;1;1;1
1293;1;1;12;1;5;3;4;1;2;27;3;1;2;3;0;1;0;0;1;1;6;1;1
1294;1;1;24;3;5;4;3;1;3;29;3;1;1;1;0;1;1;0;1;2;2;2;1
1295;1;2;6;3;4;4;3;1;2;47;3;2;1;3;0;1;0;0;3;1;2;1;3
1296;1;1;36;3;5;2;2;1;3;24;3;2;1;3;1;1;0;0;1;3;9;3;1
1297;1;1;24;2;5;2;3;1;2;27;1;2;1;3;0;1;0;0;1;2;4;2;1
1298;1;2;17;3;5;2;4;1;1;37;2;2;1;3;0;1;0;1;2;2;2;2;2
1299;1;1;23;4;4;1;4;1;3;60;2;1;2;2;0;1;0;0;4;2;2;2;4
1300;1;3;36;3;5;3;4;1;3;26;3;2;1;3;0;1;0;1;1;3;5;3;1
1301;1;3;36;3;5;3;4;1;3;26;3;2;1;3;0;1;0;0;1;3;4;3;1
1302;1;3;18;5;5;1;2;1;1;30;1;2;2;3;0;1;0;1;1;2;2;2;1
1303;1;2;30;3;4;4;4;1;3;27;3;1;2;3;0;1;0;0;1;3;5;3;1
1304;1;1;30;3;5;2;4;1;1;23;2;1;1;3;0;1;1;0;1;3;3;3;1
1305;1;3;12;4;2;1;3;1;4;55;3;3;2;2;0;1;0;0;4;1;2;1;4
1306;1;2;49;3;5;2;2;1;3;23;3;2;1;3;1;1;0;1;1;4;15;4;1
1307;1;1;9;3;5;3;4;1;2;29;3;2;1;2;0;1;0;0;1;1;1;1;1
1308;1;2;48;2;2;2;1;1;3;27;1;2;1;3;1;0;0;0;1;4;12;4;1
1309;1;1;12;1;5;3;4;1;1;24;1;1;1;2;0;1;1;0;1;1;1;1;1
1310;1;3;48;5;3;2;2;1;4;44;1;3;1;3;0;1;0;1;3;4;10;4;3
1311;1;1;28;2;5;3;2;1;2;49;2;2;1;3;0;1;0;1;3;3;7;3;3
1312;1;2;48;3;4;2;2;1;1;22;3;2;1;3;0;1;0;0;1;4;6;4;1
1313;1;2;18;2;5;2;2;1;3;40;2;2;1;3;0;1;0;1;2;2;5;2;2
1314;1;2;15;3;5;1;4;1;3;36;2;2;1;3;0;1;0;1;2;2;1;2;2
1315;1;2;30;2;4;3;4;2;3;24;1;1;1;2;0;1;1;0;1;3;3;3;1
1316;1;2;24;3;4;3;2;1;3;28;1;1;1;3;0;1;0;0;1;2;8;2;1
1317;1;1;21;3;4;1;4;1;3;60;1;1;2;2;0;1;0;0;4;2;2;2;4
1318;1;2;48;4;5;3;1;1;3;29;3;2;1;3;1;1;1;0;1;4;6;4;1
1319;1;1;12;3;5;1;3;1;3;34;3;2;1;2;0;1;0;1;2;1;3;1;2
1320;1;2;9;4;2;1;3;1;4;31;3;2;1;3;0;1;0;1;1;1;2;1;1
1321;1;2;51;3;4;3;2;1;1;22;3;2;1;3;0;1;1;0;1;4;6;4;1
1322;1;1;24;3;5;4;4;1;2;30;2;2;1;3;0;1;0;0;1;2;2;2;1
1323;1;1;24;3;4;4;3;1;3;28;3;1;1;2;0;1;1;0;1;2;3;2;1
1324;1;2;14;2;3;3;2;1;1;25;3;1;1;3;0;1;0;0;1;1;2;1;1
1325;1;3;24;3;2;1;3;1;2;35;1;2;2;2;0;1;0;1;2;2;2;2;2
1326;1;1;39;5;5;2;3;1;3;26;1;2;1;3;0;1;0;1;1;4;5;4;1
1327;1;4;11;3;3;3;2;1;1;25;2;1;1;2;0;1;0;0;1;1;2;1;1
1328;1;2;30;3;5;3;4;2;3;25;1;2;1;3;0;1;0;0;1;3;3;3;1
1329;1;1;24;2;5;3;3;1;1;23;2;1;1;2;0;1;0;0;1;2;4;2;1
1330;1;1;39;5;5;2;2;2;2;25;2;2;1;3;0;1;0;1;1;4;5;4;1
1331;1;4;12;3;3;3;3;1;2;27;3;1;1;2;0;1;1;0;1;1;2;1;1
1332;1;1;36;3;5;3;1;1;2;26;3;1;1;3;0;1;0;0;1;3;9;3;1
1333;1;4;15;3;4;3;3;1;2;40;3;2;1;3;0;1;0;0;2;2;4;2;2
1334;1;1;36;2;1;1;4;1;3;40;3;2;1;3;1;1;0;0;2;3;2;3;2
1335;1;1;9;3;4;4;3;1;2;22;3;1;1;3;0;1;1;0;1;1;1;1;1
1336;1;1;13;3;3;1;3;1;1;58;2;2;1;2;0;1;0;0;4;1;1;1;4
1337;1;1;13;4;5;3;3;1;1;29;3;2;1;3;0;1;1;0;1;1;4;1;1
1338;1;2;30;4;5;4;4;1;3;27;2;2;1;3;0;1;0;0;1;3;5;3;1
1339;1;1;12;3;5;1;2;1;3;35;3;2;1;3;0;1;0;0;2;1;2;1;2
1340;1;1;7;3;5;3;3;1;1;23;3;2;1;3;0;1;1;0;1;1;1;1;1
1341;1;2;9;2;4;2;1;1;3;29;3;2;1;3;0;0;0;0;1;1;1;1;1
1342;1;1;60;3;5;1;4;1;4;33;3;1;1;3;0;1;0;1;1;5;9;5;1
1343;1;2;9;2;4;2;3;1;2;29;3;2;1;3;0;1;0;0;1;1;1;1;1
1344;1;1;18;3;5;3;4;1;3;23;2;1;1;3;0;1;1;0;1;2;2;2;1
1345;1;4;18;4;4;3;4;1;2;28;3;2;1;3;0;1;0;0;1;2;2;2;1
1346;1;2;36;3;5;1;4;1;4;57;2;3;1;3;1;1;0;1;4;3;12;3;4
1347;1;1;18;3;5;3;4;1;1;25;1;1;1;3;0;1;0;0;1;2;2;2;1
1348;1;1;24;2;5;3;4;1;2;32;2;2;1;2;0;1;0;0;2;2;2;2;2
1349;1;2;15;3;5;1;4;1;3;36;2;2;1;3;0;1;0;1;2;2;1;2;2
1350;1;2;30;2;4;3;4;2;3;24;1;1;1;2;0;1;1;0;1;3;3;3;1
1351;1;1;24;3;5;4;3;1;1;22;3;1;1;2;1;1;0;0;1;2;3;2;1
1352;1;1;36;3;5;3;1;1;2;26;3;2;1;3;0;1;0;0;1;3;9;3;1
1353;1;2;24;4;4;1;3;1;1;31;3;2;2;3;0;1;0;0;2;2;2;2;2
1354;1;1;24;3;5;4;4;1;2;31;2;2;1;3;0;1;0;0;1;2;2;2;1
1355;1;2;70;3;4;3;2;1;2;24;3;2;1;3;0;1;0;0;1;5;6;5;1
1356;1;1;18;2;5;3;4;1;1;46;2;2;1;2;0;1;0;0;3;2;2;2;3
1357;1;2;9;2;4;1;2;1;3;73;1;2;1;3;0;1;0;0;5;1;5;1;5
1358;1;1;18;3;5;4;1;1;3;23;3;1;1;2;0;1;1;0;1;2;1;2;1
1359;1;2;24;4;1;2;4;1;1;36;1;2;1;2;0;1;0;0;2;2;2;2;2
1360;1;1;13;3;3;2;3;1;1;59;2;2;1;2;0;1;0;0;4;1;1;1;4
1361;1;1;30;3;5;4;2;1;2;29;3;2;1;2;0;1;0;0;1;3;4;3;1
1362;1;1;24;2;1;2;4;1;4;31;3;1;1;3;0;1;0;0;1;2;2;2;1
1363;1;1;30;3;4;4;3;1;3;30;2;2;1;3;0;1;0;0;1;3;2;3;1
1364;1;1;21;2;4;1;3;1;2;60;1;1;1;2;0;1;0;0;4;2;3;2;4
1365;1;2;48;3;5;2;3;1;1;28;3;2;1;3;0;1;0;0;1;4;4;4;1
1366;1;1;13;3;5;3;3;1;1;29;3;2;1;3;0;1;1;0;1;1;4;1;1
1367;1;1;14;4;2;2;3;1;2;60;2;2;2;3;0;1;0;0;4;1;2;1;4
1368;1;1;18;3;5;4;3;1;3;23;3;1;1;2;0;1;1;0;1;2;1;2;1
1369;1;2;36;3;5;1;4;1;3;39;2;2;1;3;0;1;0;1;2;3;3;3;2
1370;1;1;24;3;5;2;3;1;2;21;3;1;1;2;0;1;1;0;1;2;2;2;1
1371;1;2;24;2;5;2;4;1;4;36;1;3;1;2;0;1;0;0;2;2;1;2;2
1372;1;1;15;3;5;1;1;1;2;43;3;2;1;3;0;0;0;0;3;2;7;2;3
1373;1;1;11;1;4;2;3;1;3;48;1;2;1;2;0;1;0;0;3;1;2;1;3
1374;1;1;24;3;1;3;2;1;2;20;3;1;1;2;0;1;0;0;1;2;2;2;1
1375;1;2;9;3;5;4;2;1;2;20;3;1;1;3;0;1;1;0;1;1;2;1;1
1376;1;1;29;3;5;3;1;1;3;34;3;2;1;2;1;1;0;0;2;2;12;2;2
1377;1;2;8;3;5;3;2;1;1;24;2;1;1;2;0;1;0;0;1;1;2;1;1
1378;1;1;24;2;3;3;3;1;3;27;2;1;1;3;0;1;0;0;1;2;4;2;1
1379;1;1;48;3;5;2;2;1;2;31;3;2;1;3;1;1;0;0;2;4;7;4;2
1380;1;2;16;3;5;3;2;1;1;24;3;2;1;2;0;1;1;0;1;2;3;2;1
1381;1;1;34;3;1;1;2;1;3;47;3;2;1;3;0;1;0;1;3;3;9;3;3
1382;1;4;18;3;5;3;4;1;1;22;3;2;1;3;0;1;1;0;1;2;2;2;1
1383;1;4;18;5;5;2;2;1;2;31;1;2;2;3;0;1;0;1;2;2;2;2;2
1384;1;3;15;3;3;3;3;1;2;39;3;2;1;3;1;1;0;1;2;2;4;2;2
1385;1;1;12;2;5;2;4;1;2;29;3;2;1;3;0;1;0;1;1;1;1;1;1
1386;1;1;18;3;3;3;4;1;1;26;1;1;1;3;0;1;0;0;1;2;2;2;1
1387;1;3;11;4;2;2;4;1;1;27;3;2;2;2;0;1;0;0;1;1;1;1;1
1388;1;3;12;4;2;1;3;1;3;55;3;2;2;3;0;1;0;1;4;1;2;1;4
1389;1;2;18;4;5;3;2;1;1;32;3;2;1;2;0;1;0;1;2;2;2;2;2
1390;1;1;36;5;5;3;3;1;4;23;3;1;2;2;1;1;1;0;1;3;7;3;1
1391;1;1;24;2;4;4;4;1;3;30;2;2;1;3;0;1;0;1;1;2;2;2;1
1392;1;2;24;3;3;3;2;1;3;28;2;1;1;3;0;1;0;0;1;2;7;2;1
1393;1;1;48;2;5;2;3;1;3;56;3;1;1;3;0;1;0;0;4;4;5;4;4
1394;1;1;12;3;4;3;2;1;2;21;2;2;1;3;0;1;0;0;1;1;1;1;1
1395;1;1;36;3;3;2;1;1;4;47;3;3;1;3;0;1;0;1;3;3;12;3;3
1396;1;1;18;4;5;3;4;1;1;23;3;1;1;3;0;1;1;0;1;2;2;2;1
1397;1;1;12;1;5;3;4;1;1;24;3;1;1;2;0;1;1;0;1;1;2;1;1
1398;1;2;24;3;5;4;2;1;3;25;2;2;1;2;0;1;1;0;1;2;3;2;1
1399;1;1;12;3;5;3;3;1;2;24;3;1;1;2;0;1;1;0;1;1;2;1;1
